Time;input.control_angle_pu;output.upper_limit_pu;output.lower_limit_pu;output.limited_control_angle_pu;output.limit_active;
2.5e-05;0.750466;0.416956;0.0138465;0.416956;1.0;
0.00102500;0.750466;0.416956;0.0138465;0.416956;1.0;
0.00202500;0.750466;0.416957;0.0138465;0.416957;1.0;
0.00302500;0.750466;0.416956;0.0138465;0.416956;1.0;
0.00402500;0.750399;0.416956;0.0138465;0.416956;1.0;
0.00502500;0.744098;0.416957;0.0138465;0.416957;1.0;
0.00602500;0.259353;0.416825;0.0138465;0.259353;0.0;
0.00702500;0.25154;0.416027;0.0138465;0.25154;0.0;
0.00802500;0.244127;0.416482;0.0138465;0.244127;0.0;
0.00902500;0.252103;0.416986;0.0138465;0.252103;0.0;
0.0100250;0.246732;0.416331;0.0138465;0.246732;0.0;
0.0110250;0.244107;0.416681;0.0138465;0.244107;0.0;
0.0120250;0.244077;0.416986;0.0138465;0.244077;0.0;
0.0130250;0.24655;0.416622;0.0138465;0.24655;0.0;
0.0140250;0.243992;0.416725;0.0138465;0.243992;0.0;
0.0150250;0.244029;0.416986;0.0138465;0.244029;0.0;
0.0160250;0.267777;0.416816;0.0138465;0.267777;0.0;
0.0170250;0.265738;0.415484;0.0138465;0.265738;0.0;
0.0180250;0.244154;0.415719;0.0138465;0.244154;0.0;
0.0190250;0.252864;0.416975;0.0138465;0.252864;0.0;
0.0200250;0.251699;0.416272;0.0138465;0.251699;0.0;
0.0210250;0.244153;0.416508;0.0138465;0.244153;0.0;
0.0220250;0.244123;0.416986;0.0138465;0.244123;0.0;
0.0230250;0.248531;0.416606;0.0138465;0.248531;0.0;
0.0240250;0.244044;0.416661;0.0138465;0.244044;0.0;
0.0250250;0.244081;0.416986;0.0138465;0.244081;0.0;
0.0260250;0.250800;0.416848;0.0138465;0.250800;0.0;
0.0270250;0.244054;0.416631;0.0138465;0.244054;0.0;
0.0280250;0.244024;0.416975;0.0138465;0.244024;0.0;
0.0290250;0.253799;0.416937;0.0138465;0.253799;0.0;
0.0300250;0.257512;0.416153;0.0138465;0.257512;0.0;
0.0310250;0.244053;0.416213;0.0138465;0.244053;0.0;
0.0320250;0.244023;0.416986;0.0138465;0.244023;0.0;
0.0330250;0.250966;0.416593;0.0138465;0.250966;0.0;
0.0340250;0.243953;0.416565;0.0138465;0.243953;0.0;
0.0350250;0.24399;0.416986;0.0138465;0.24399;0.0;
0.0360250;0.251109;0.416848;0.0138465;0.251109;0.0;
0.0370250;0.243965;0.41661;0.0138465;0.243965;0.0;
0.0380250;0.243935;0.416971;0.0138465;0.243935;0.0;
0.0390250;0.256109;0.416933;0.0138465;0.256109;0.0;
0.0400250;0.264453;0.415998;0.0138465;0.264453;0.0;
0.0410250;0.244012;0.415783;0.0138465;0.244012;0.0;
0.0420250;0.243982;0.41694;0.0138465;0.243982;0.0;
0.0430250;0.253993;0.416584;0.0138465;0.253993;0.0;
0.0440250;0.243925;0.416416;0.0138465;0.243925;0.0;
0.0450250;0.243962;0.416986;0.0138465;0.243962;0.0;
0.0460250;0.251881;0.41685;0.0138465;0.251881;0.0;
0.0470250;0.243941;0.416564;0.0138465;0.243941;0.0;
0.0480250;0.243912;0.416965;0.0138465;0.243912;0.0;
0.0490250;0.257149;0.416939;0.0138465;0.257149;0.0;
0.0500250;0.271684;0.415898;0.0138465;0.271684;0.0;
0.0510250;0.244511;0.415289;0.0138465;0.244511;0.0;
0.0520250;0.244015;0.416758;0.0138465;0.244015;0.0;
0.0530250;0.257631;0.416585;0.0138465;0.257631;0.0;
0.0540250;0.243978;0.416207;0.0138465;0.243978;0.0;
0.0550250;0.244015;0.416957;0.0138465;0.244015;0.0;
0.0560250;0.253134;0.416856;0.0138465;0.253134;0.0;
0.0570250;0.244;0.4165;0.0138465;0.244;0.0;
0.0580250;0.24397;0.416956;0.0138465;0.24397;0.0;
0.0590250;0.250081;0.416947;0.0138465;0.250081;0.0;
0.0600250;0.243947;0.416544;0.0138465;0.243947;0.0;
0.0610250;0.243917;0.416911;0.0138465;0.243917;0.0;
0.0620250;0.243887;0.416976;0.0138465;0.243887;0.0;
0.0630250;0.261846;0.416488;0.0138465;0.261846;0.0;
0.0640250;0.243946;0.415927;0.0138465;0.243946;0.0;
0.0650250;0.243916;0.416871;0.0138465;0.243916;0.0;
0.0660250;0.254502;0.41687;0.0138465;0.254502;0.0;
0.0670250;0.24391;0.416403;0.0138465;0.24391;0.0;
0.0680250;0.24388;0.416934;0.0138465;0.24388;0.0;
0.0690250;0.250924;0.416948;0.0138465;0.250924;0.0;
0.0700250;0.243861;0.416503;0.0138465;0.243861;0.0;
0.0710250;0.243831;0.416902;0.0138465;0.243831;0.0;
0.0720250;0.243802;0.416978;0.0138465;0.243802;0.0;
0.0730250;0.266246;0.416454;0.0138465;0.266246;0.0;
0.0740250;0.243499;0.415615;0.0138465;0.243499;0.0;
0.0750250;0.243869;0.416693;0.0138465;0.243869;0.0;
0.0760250;0.256389;0.416891;0.0138465;0.256389;0.0;
0.0770250;0.243877;0.416271;0.0138465;0.243877;0.0;
0.0780250;0.243847;0.416882;0.0138465;0.243847;0.0;
0.0790250;0.251158;0.416959;0.0138465;0.251158;0.0;
0.0800250;0.243831;0.416472;0.0138465;0.243831;0.0;
0.0810250;0.243802;0.416883;0.0138465;0.243802;0.0;
0.0820250;0.243772;0.416981;0.0138465;0.243772;0.0;
0.0830250;0.27233;0.41642;0.0138465;0.27233;0.0;
0.0840250;0.254976;0.415194;0.0138465;0.254976;0.0;
0.0850250;0.243904;0.416288;0.0138465;0.243904;0.0;
0.0860250;0.258625;0.416919;0.0138465;0.258625;0.0;
0.0870250;0.244398;0.416116;0.0138465;0.244398;0.0;
0.0880250;0.243902;0.416772;0.0138465;0.243902;0.0;
0.0890250;0.251613;0.416974;0.0138465;0.251613;0.0;
0.0900250;0.244025;0.416426;0.0138465;0.244025;0.0;
0.0910250;0.243863;0.416849;0.0138465;0.243863;0.0;
0.0920250;0.243833;0.416986;0.0138465;0.243833;0.0;
0.0930250;0.244305;0.416641;0.0138465;0.244305;0.0;
0.0940250;0.243742;0.416775;0.0138465;0.243742;0.0;
0.0950250;0.243779;0.416986;0.0138465;0.243779;0.0;
0.0960250;0.261305;0.416812;0.0138465;0.261305;0.0;
0.0970250;0.248362;0.415917;0.0138465;0.248362;0.0;
0.0980250;0.243807;0.416575;0.0138465;0.243807;0.0;
0.0990250;0.252051;0.416986;0.0138465;0.252051;0.0;
0.100025;0.244073;0.416366;0.0138465;0.244073;0.0;
0.101025;0.243777;0.41678;0.0138465;0.243777;0.0;
0.102025;0.243748;0.416986;0.0138465;0.243748;0.0;
0.103025;0.244953;0.416633;0.0138465;0.244953;0.0;
0.104025;0.243659;0.416756;0.0138465;0.243659;0.0;
0.105025;0.243696;0.416986;0.0138465;0.243696;0.0;
0.106025;0.264029;0.416807;0.0138465;0.264029;0.0;
0.107025;0.25623;0.415716;0.0138465;0.25623;0.0;
0.108025;0.243764;0.416234;0.0138465;0.243764;0.0;
0.109025;0.252742;0.416986;0.0138465;0.252742;0.0;
0.110025;0.24684;0.416297;0.0138465;0.24684;0.0;
0.111025;0.243749;0.416666;0.0138465;0.243749;0.0;
0.112025;0.243719;0.416986;0.0138465;0.243719;0.0;
0.113025;0.246193;0.416622;0.0138465;0.246193;0.0;
0.114025;0.243634;0.416725;0.0138465;0.243634;0.0;
0.115025;0.243671;0.416986;0.0138465;0.243671;0.0;
0.116025;0.26735;0.416816;0.0138465;0.26735;0.0;
0.117025;0.265311;0.415487;0.0138465;0.265311;0.0;
0.118025;0.243796;0.415724;0.0138465;0.243796;0.0;
0.119025;0.252506;0.416975;0.0138465;0.252506;0.0;
0.120025;0.251274;0.416273;0.0138465;0.251274;0.0;
0.121025;0.243794;0.41651;0.0138465;0.243794;0.0;
0.122025;0.243765;0.416986;0.0138465;0.243765;0.0;
0.123025;0.248173;0.416606;0.0138465;0.248173;0.0;
0.124025;0.243685;0.416662;0.0138465;0.243685;0.0;
0.125025;0.243722;0.416986;0.0138465;0.243722;0.0;
0.126025;0.250441;0.416848;0.0138465;0.250441;0.0;
0.127025;0.243695;0.416631;0.0138465;0.243695;0.0;
0.128025;0.243666;0.416975;0.0138465;0.243666;0.0;
0.129025;0.254707;0.416932;0.0138465;0.254707;0.0;
0.130025;0.257892;0.416103;0.0138465;0.257892;0.0;
0.131025;0.243701;0.416172;0.0138465;0.243701;0.0;
0.132025;0.243672;0.416986;0.0138465;0.243672;0.0;
0.133025;0.250614;0.416594;0.0138465;0.250614;0.0;
0.134025;0.243601;0.416566;0.0138465;0.243601;0.0;
0.135025;0.243638;0.416986;0.0138465;0.243638;0.0;
0.136025;0.250757;0.416848;0.0138465;0.250757;0.0;
0.137025;0.243613;0.41661;0.0138465;0.243613;0.0;
0.138025;0.243584;0.416971;0.0138465;0.243584;0.0;
0.139025;0.255758;0.416933;0.0138465;0.255758;0.0;
0.140025;0.2641;0.415998;0.0138465;0.2641;0.0;
0.141025;0.24366;0.415784;0.0138465;0.24366;0.0;
0.142025;0.243631;0.416941;0.0138465;0.243631;0.0;
0.143025;0.253642;0.416584;0.0138465;0.253642;0.0;
0.144025;0.243574;0.416416;0.0138465;0.243574;0.0;
0.145025;0.243611;0.416986;0.0138465;0.243611;0.0;
0.146025;0.25153;0.41685;0.0138465;0.25153;0.0;
0.147025;0.243589;0.416565;0.0138465;0.243589;0.0;
0.148025;0.24356;0.416965;0.0138465;0.24356;0.0;
0.149025;0.256798;0.416939;0.0138465;0.256798;0.0;
0.150025;0.271262;0.415899;0.0138465;0.271262;0.0;
0.151025;0.244159;0.415292;0.0138465;0.244159;0.0;
0.152025;0.243663;0.41676;0.0138465;0.243663;0.0;
0.153025;0.257279;0.416585;0.0138465;0.257279;0.0;
0.154025;0.243626;0.416208;0.0138465;0.243626;0.0;
0.155025;0.243663;0.416957;0.0138465;0.243663;0.0;
0.156025;0.252782;0.416856;0.0138465;0.252782;0.0;
0.157025;0.243647;0.4165;0.0138465;0.243647;0.0;
0.158025;0.243618;0.416956;0.0138465;0.243618;0.0;
0.159025;0.250529;0.416943;0.0138465;0.250529;0.0;
0.160025;0.243597;0.416521;0.0138465;0.243597;0.0;
0.161025;0.243567;0.416911;0.0138465;0.243567;0.0;
0.162025;0.243537;0.416977;0.0138465;0.243537;0.0;
0.163025;0.262297;0.416491;0.0138465;0.262297;0.0;
0.164025;0.243601;0.415876;0.0138465;0.243601;0.0;
0.165025;0.243571;0.416856;0.0138465;0.243571;0.0;
0.166025;0.254157;0.416873;0.0138465;0.254157;0.0;
0.167025;0.243565;0.416403;0.0138465;0.243565;0.0;
0.168025;0.243535;0.416934;0.0138465;0.243535;0.0;
0.169025;0.250580;0.416948;0.0138465;0.250580;0.0;
0.170025;0.243516;0.416504;0.0138465;0.243516;0.0;
0.171025;0.243486;0.416902;0.0138465;0.243486;0.0;
0.172025;0.243456;0.416978;0.0138465;0.243456;0.0;
0.173025;0.266838;0.416453;0.0138465;0.266838;0.0;
0.174025;0.243827;0.415555;0.0138465;0.243827;0.0;
0.175025;0.243531;0.416663;0.0138465;0.243531;0.0;
0.176025;0.256051;0.416895;0.0138465;0.256051;0.0;
0.177025;0.243538;0.416271;0.0138465;0.243538;0.0;
0.178025;0.243509;0.416882;0.0138465;0.243509;0.0;
0.179025;0.250820;0.416959;0.0138465;0.250820;0.0;
0.180025;0.243493;0.416472;0.0138465;0.243493;0.0;
0.181025;0.243463;0.416883;0.0138465;0.243463;0.0;
0.182025;0.243434;0.416981;0.0138465;0.243434;0.0;
0.183025;0.27219;0.416435;0.0138465;0.27219;0.0;
0.184025;0.254772;0.415183;0.0138465;0.254772;0.0;
0.185025;0.243566;0.416279;0.0138465;0.243566;0.0;
0.186025;0.258287;0.416919;0.0138465;0.258287;0.0;
0.187025;0.244060;0.416117;0.0138465;0.244060;0.0;
0.188025;0.243564;0.416772;0.0138465;0.243564;0.0;
0.189025;0.251275;0.416974;0.0138465;0.251275;0.0;
0.190025;0.243688;0.416426;0.0138465;0.243688;0.0;
0.191025;0.243525;0.416849;0.0138465;0.243525;0.0;
0.192025;0.243495;0.416986;0.0138465;0.243495;0.0;
0.193025;0.244166;0.416656;0.0138465;0.244166;0.0;
0.194025;0.243404;0.41677;0.0138465;0.243404;0.0;
0.195025;0.243441;0.416986;0.0138465;0.243441;0.0;
0.196025;0.260965;0.416813;0.0138465;0.260965;0.0;
0.197025;0.248024;0.415917;0.0138465;0.248024;0.0;
0.198025;0.243468;0.416575;0.0138465;0.243468;0.0;
0.199025;0.251713;0.416986;0.0138465;0.251713;0.0;
0.200025;0.243735;0.416366;0.0138465;0.243735;0.0;
0.201025;0.243439;0.41678;0.0138465;0.243439;0.0;
0.202025;0.243409;0.416986;0.0138465;0.243409;0.0;
0.203025;0.244747;0.416648;0.0138465;0.244747;0.0;
0.204025;0.24332;0.41675;0.0138465;0.24332;0.0;
0.205025;0.243357;0.416986;0.0138465;0.243357;0.0;
0.206025;0.263689;0.416808;0.0138465;0.263689;0.0;
0.207025;0.255891;0.415716;0.0138465;0.255891;0.0;
0.208025;0.243425;0.416234;0.0138465;0.243425;0.0;
0.209025;0.252403;0.416986;0.0138465;0.252403;0.0;
0.210025;0.246501;0.416297;0.0138465;0.246501;0.0;
0.211025;0.243409;0.416667;0.0138465;0.243409;0.0;
0.212025;0.24338;0.416986;0.0138465;0.24338;0.0;
0.213025;0.246119;0.416636;0.0138465;0.246119;0.0;
0.214025;0.243294;0.416719;0.0138465;0.243294;0.0;
0.215025;0.243331;0.416986;0.0138465;0.243331;0.0;
0.216025;0.267881;0.416808;0.0138465;0.267881;0.0;
0.217025;0.265779;0.415433;0.0138465;0.265779;0.0;
0.218025;0.243465;0.415675;0.0138465;0.243465;0.0;
0.219025;0.253242;0.416966;0.0138465;0.253242;0.0;
0.220025;0.251614;0.41623;0.0138465;0.251614;0.0;
0.221025;0.243469;0.416478;0.0138465;0.243469;0.0;
0.222025;0.24344;0.416986;0.0138465;0.24344;0.0;
0.223025;0.247848;0.416608;0.0138465;0.247848;0.0;
0.224025;0.24336;0.416663;0.0138465;0.24336;0.0;
0.225025;0.243397;0.416986;0.0138465;0.243397;0.0;
0.226025;0.250117;0.416848;0.0138465;0.250117;0.0;
0.227025;0.24337;0.416631;0.0138465;0.24337;0.0;
0.228025;0.243341;0.416975;0.0138465;0.243341;0.0;
0.229025;0.254383;0.416932;0.0138465;0.254383;0.0;
0.230025;0.257501;0.416103;0.0138465;0.257501;0.0;
0.231025;0.243376;0.416173;0.0138465;0.243376;0.0;
0.232025;0.243347;0.416986;0.0138465;0.243347;0.0;
0.233025;0.250689;0.416606;0.0138465;0.250689;0.0;
0.234025;0.243277;0.416545;0.0138465;0.243277;0.0;
0.235025;0.243314;0.416986;0.0138465;0.243314;0.0;
0.236025;0.250434;0.416849;0.0138465;0.250434;0.0;
0.237025;0.243289;0.41661;0.0138465;0.243289;0.0;
0.238025;0.243259;0.416971;0.0138465;0.243259;0.0;
0.239025;0.255434;0.416933;0.0138465;0.255434;0.0;
0.240025;0.263708;0.415999;0.0138465;0.263708;0.0;
0.241025;0.243336;0.415786;0.0138465;0.243336;0.0;
0.242025;0.243306;0.416942;0.0138465;0.243306;0.0;
0.243025;0.253851;0.416595;0.0138465;0.253851;0.0;
0.244025;0.243251;0.416387;0.0138465;0.243251;0.0;
0.245025;0.243288;0.416985;0.0138465;0.243288;0.0;
0.246025;0.251207;0.416851;0.0138465;0.251207;0.0;
0.247025;0.243267;0.416565;0.0138465;0.243267;0.0;
0.248025;0.243237;0.416965;0.0138465;0.243237;0.0;
0.249025;0.256475;0.416939;0.0138465;0.256475;0.0;
0.250025;0.270936;0.415899;0.0138465;0.270936;0.0;
0.251025;0.243836;0.415292;0.0138465;0.243836;0.0;
0.252025;0.24334;0.41676;0.0138465;0.24334;0.0;
0.253025;0.257556;0.416594;0.0138465;0.257556;0.0;
0.254025;0.243306;0.416169;0.0138465;0.243306;0.0;
0.255025;0.243343;0.416954;0.0138465;0.243343;0.0;
0.256025;0.252395;0.416858;0.0138465;0.252395;0.0;
0.257025;0.243327;0.416501;0.0138465;0.243327;0.0;
0.258025;0.243297;0.416956;0.0138465;0.243297;0.0;
0.259025;0.250209;0.416943;0.0138465;0.250209;0.0;
0.260025;0.243276;0.416521;0.0138465;0.243276;0.0;
0.261025;0.243247;0.41691;0.0138465;0.243247;0.0;
0.262025;0.243217;0.416977;0.0138465;0.243217;0.0;
0.263025;0.261976;0.416491;0.0138465;0.261976;0.0;
0.264025;0.243281;0.415875;0.0138465;0.243281;0.0;
0.265025;0.243251;0.416856;0.0138465;0.243251;0.0;
0.266025;0.253837;0.416873;0.0138465;0.253837;0.0;
0.267025;0.243244;0.416403;0.0138465;0.243244;0.0;
0.268025;0.243215;0.416934;0.0138465;0.243215;0.0;
0.269025;0.250260;0.416948;0.0138465;0.250260;0.0;
0.270025;0.243195;0.416504;0.0138465;0.243195;0.0;
0.271025;0.243166;0.416902;0.0138465;0.243166;0.0;
0.272025;0.243136;0.416978;0.0138465;0.243136;0.0;
0.273025;0.266516;0.416453;0.0138465;0.266516;0.0;
0.274025;0.243506;0.415555;0.0138465;0.243506;0.0;
0.275025;0.243211;0.416663;0.0138465;0.243211;0.0;
0.276025;0.25573;0.416895;0.0138465;0.25573;0.0;
0.277025;0.243218;0.416271;0.0138465;0.243218;0.0;
0.278025;0.243188;0.416882;0.0138465;0.243188;0.0;
0.279025;0.250500;0.416959;0.0138465;0.250500;0.0;
0.280025;0.243173;0.416472;0.0138465;0.243173;0.0;
0.281025;0.243143;0.416883;0.0138465;0.243143;0.0;
0.282025;0.243114;0.416981;0.0138465;0.243114;0.0;
0.283025;0.271866;0.416436;0.0138465;0.271866;0.0;
0.284025;0.254451;0.415183;0.0138465;0.254451;0.0;
0.285025;0.243246;0.416279;0.0138465;0.243246;0.0;
0.286025;0.257967;0.41692;0.0138465;0.257967;0.0;
0.287025;0.243739;0.416117;0.0138465;0.243739;0.0;
0.288025;0.243244;0.416772;0.0138465;0.243244;0.0;
0.289025;0.250955;0.416974;0.0138465;0.250955;0.0;
0.290025;0.243367;0.416426;0.0138465;0.243367;0.0;
0.291025;0.243204;0.416849;0.0138465;0.243204;0.0;
0.292025;0.243175;0.416986;0.0138465;0.243175;0.0;
0.293025;0.243779;0.416656;0.0138465;0.243779;0.0;
0.294025;0.243083;0.416772;0.0138465;0.243083;0.0;
0.295025;0.24312;0.416986;0.0138465;0.24312;0.0;
0.296025;0.261453;0.416744;0.0138465;0.261453;0.0;
0.297025;0.248513;0.415847;0.0138465;0.248513;0.0;
0.298025;0.24316;0.416547;0.0138465;0.24316;0.0;
0.299025;0.251405;0.416986;0.0138465;0.251405;0.0;
0.300025;0.243426;0.416367;0.0138465;0.243426;0.0;
0.301025;0.223863;0.416781;0.0138465;0.223863;0.0;
0.302025;0.220401;0.416922;0.0138465;0.220401;0.0;
0.303025;0.195498;0.415994;0.0138465;0.195498;0.0;
0.304025;0.176601;0.416314;0.0138465;0.176601;0.0;
0.305025;0.212558;0.415928;0.0138465;0.212558;0.0;
0.306025;0.228080;0.412479;0.0138465;0.228080;0.0;
0.307025;0.200097;0.410325;0.0138465;0.200097;0.0;
0.308025;0.193292;0.410971;0.0138465;0.193292;0.0;
0.309025;0.206568;0.410043;0.0138465;0.206568;0.0;
0.310025;0.177258;0.407975;0.0138465;0.177258;0.0;
0.311025;0.171948;0.408542;0.0138465;0.171948;0.0;
0.312025;0.186422;0.407519;0.0138465;0.186422;0.0;
0.313025;0.159545;0.405403;0.0138465;0.159545;0.0;
0.314025;0.168973;0.405777;0.0138465;0.168973;0.0;
0.315025;0.208500;0.405005;0.0138465;0.208500;0.0;
0.316025;0.220095;0.402690;0.0138465;0.220095;0.0;
0.317025;0.207229;0.402102;0.0138465;0.207229;0.0;
0.318025;0.198067;0.403081;0.0138465;0.198067;0.0;
0.319025;0.235512;0.403064;0.0138465;0.235512;0.0;
0.320025;0.231123;0.401028;0.0138465;0.231123;0.0;
0.321025;0.187115;0.401508;0.0138465;0.187115;0.0;
0.322025;0.211224;0.403644;0.0138465;0.211224;0.0;
0.323025;0.209007;0.402691;0.0138465;0.209007;0.0;
0.324025;0.169009;0.402857;0.0138465;0.169009;0.0;
0.325025;0.200112;0.404585;0.0138465;0.200112;0.0;
0.326025;0.205348;0.403279;0.0138465;0.205348;0.0;
0.327025;0.173862;0.402968;0.0138465;0.173862;0.0;
0.328025;0.208512;0.404554;0.0138465;0.208512;0.0;
0.329025;0.249257;0.402578;0.0138465;0.249257;0.0;
0.330025;0.249441;0.399892;0.0138465;0.249441;0.0;
0.331025;0.203605;0.400178;0.0138465;0.203605;0.0;
0.332025;0.208917;0.402814;0.0138465;0.208917;0.0;
0.333025;0.210073;0.402766;0.0138465;0.210073;0.0;
0.334025;0.165464;0.402677;0.0138465;0.165464;0.0;
0.335025;0.197004;0.404468;0.0138465;0.197004;0.0;
0.336025;0.203870;0.403365;0.0138465;0.203870;0.0;
0.337025;0.166933;0.402958;0.0138465;0.166933;0.0;
0.338025;0.190861;0.404799;0.0138465;0.190861;0.0;
0.339025;0.227591;0.403603;0.0138465;0.227591;0.0;
0.340025;0.232519;0.401201;0.0138465;0.232519;0.0;
0.341025;0.190885;0.401121;0.0138465;0.190885;0.0;
0.342025;0.216691;0.403073;0.0138465;0.216691;0.0;
0.343025;0.221687;0.402090;0.0138465;0.221687;0.0;
0.344025;0.180844;0.401780;0.0138465;0.180844;0.0;
0.345025;0.195792;0.403865;0.0138465;0.195792;0.0;
0.346025;0.204767;0.403335;0.0138465;0.204767;0.0;
0.347025;0.169622;0.402786;0.0138465;0.169622;0.0;
0.348025;0.187518;0.404548;0.0138465;0.187518;0.0;
0.349025;0.210822;0.403741;0.0138465;0.210822;0.0;
0.350025;0.208202;0.402231;0.0138465;0.208202;0.0;
0.351025;0.18111;0.402579;0.0138465;0.18111;0.0;
0.352025;0.223689;0.403349;0.0138465;0.223689;0.0;
0.353025;0.232792;0.401409;0.0138465;0.232792;0.0;
0.354025;0.197087;0.400907;0.0138465;0.197087;0.0;
0.355025;0.19527;0.403135;0.0138465;0.19527;0.0;
0.356025;0.206830;0.403254;0.0138465;0.206830;0.0;
0.357025;0.174387;0.402541;0.0138465;0.174387;0.0;
0.358025;0.189995;0.404223;0.0138465;0.189995;0.0;
0.359025;0.208397;0.403484;0.0138465;0.208397;0.0;
0.360025;0.191983;0.402318;0.0138465;0.191983;0.0;
0.361025;0.188328;0.403488;0.0138465;0.188328;0.0;
0.362025;0.241473;0.403118;0.0138465;0.241473;0.0;
0.363025;0.255129;0.400013;0.0138465;0.255129;0.0;
0.364025;0.224844;0.399313;0.0138465;0.224844;0.0;
0.365025;0.195579;0.401526;0.0138465;0.195579;0.0;
0.366025;0.211969;0.402830;0.0138465;0.211969;0.0;
0.367025;0.182977;0.402171;0.0138465;0.182977;0.0;
0.368025;0.187804;0.403807;0.0138465;0.187804;0.0;
0.369025;0.207603;0.403521;0.0138465;0.207603;0.0;
0.370025;0.186928;0.402293;0.0138465;0.186928;0.0;
0.371025;0.174853;0.403715;0.0138465;0.174853;0.0;
0.372025;0.224929;0.403849;0.0138465;0.224929;0.0;
0.373025;0.243477;0.400998;0.0138465;0.243477;0.0;
0.374025;0.21797;0.399942;0.0138465;0.21797;0.0;
0.375025;0.206852;0.401759;0.0138465;0.206852;0.0;
0.376025;0.225845;0.402203;0.0138465;0.225845;0.0;
0.377025;0.201268;0.401126;0.0138465;0.201268;0.0;
0.378025;0.188273;0.402778;0.0138465;0.188273;0.0;
0.379025;0.210960;0.403253;0.0138465;0.210960;0.0;
0.380025;0.192031;0.402018;0.0138465;0.192031;0.0;
0.381025;0.171807;0.403339;0.0138465;0.171807;0.0;
0.382025;0.208311;0.404027;0.0138465;0.208311;0.0;
0.383025;0.218942;0.402045;0.0138465;0.218942;0.0;
0.384025;0.197734;0.401459;0.0138465;0.197734;0.0;
0.385025;0.208520;0.402740;0.0138465;0.208520;0.0;
0.386025;0.230985;0.402057;0.0138465;0.230985;0.0;
0.387025;0.210828;0.400633;0.0138465;0.210828;0.0;
0.388025;0.187964;0.402139;0.0138465;0.187964;0.0;
0.389025;0.213829;0.403064;0.0138465;0.213829;0.0;
0.390025;0.197363;0.401750;0.0138465;0.197363;0.0;
0.391025;0.174347;0.402920;0.0138465;0.174347;0.0;
0.392025;0.204570;0.403781;0.0138465;0.204570;0.0;
0.393025;0.201298;0.402261;0.0138465;0.201298;0.0;
0.394025;0.174476;0.402555;0.0138465;0.174476;0.0;
0.395025;0.225542;0.403423;0.0138465;0.225542;0.0;
0.396025;0.252509;0.400781;0.0138465;0.252509;0.0;
0.397025;0.237271;0.399081;0.0138465;0.237271;0.0;
0.398025;0.187546;0.400394;0.0138465;0.187546;0.0;
0.399025;0.215631;0.402550;0.0138465;0.215631;0.0;
0.400025;0.202314;0.401639;0.0138465;0.202314;0.0;
0.401025;0.182839;0.402547;0.0138465;0.182839;0.0;
0.402025;0.203944;0.403775;0.0138465;0.203944;0.0;
0.403025;0.197657;0.402243;0.0138465;0.197657;0.0;
0.404025;0.162293;0.402750;0.0138465;0.162293;0.0;
0.405025;0.221237;0.403836;0.0138465;0.221237;0.0;
0.406025;0.252918;0.400952;0.0138465;0.252918;0.0;
0.407025;0.242636;0.398944;0.0138465;0.242636;0.0;
0.408025;0.194262;0.399936;0.0138465;0.194262;0.0;
0.409025;0.213781;0.402405;0.0138465;0.213781;0.0;
0.410025;0.204121;0.401708;0.0138465;0.204121;0.0;
0.411025;0.188794;0.402339;0.0138465;0.188794;0.0;
0.412025;0.210695;0.403393;0.0138465;0.210695;0.0;
0.413025;0.206192;0.401737;0.0138465;0.206192;0.0;
0.414025;0.164163;0.402150;0.0138465;0.164163;0.0;
0.415025;0.197558;0.404039;0.0138465;0.197558;0.0;
0.416025;0.216389;0.402478;0.0138465;0.216389;0.0;
0.417025;0.212375;0.401105;0.0138465;0.212375;0.0;
0.418025;0.201774;0.401765;0.0138465;0.201774;0.0;
0.419025;0.224738;0.402556;0.0138465;0.224738;0.0;
0.420025;0.219448;0.400779;0.0138465;0.219448;0.0;
0.421025;0.177024;0.401270;0.0138465;0.177024;0.0;
0.422025;0.207643;0.403049;0.0138465;0.207643;0.0;
0.423025;0.205611;0.401902;0.0138465;0.205611;0.0;
0.424025;0.165689;0.402093;0.0138465;0.165689;0.0;
0.425025;0.196989;0.403877;0.0138465;0.196989;0.0;
0.426025;0.204477;0.402502;0.0138465;0.204477;0.0;
0.427025;0.180894;0.401964;0.0138465;0.180894;0.0;
0.428025;0.205213;0.403190;0.0138465;0.205213;0.0;
0.429025;0.245134;0.401724;0.0138465;0.245134;0.0;
0.430025;0.244569;0.399245;0.0138465;0.244569;0.0;
0.431025;0.198053;0.399549;0.0138465;0.198053;0.0;
0.432025;0.208752;0.402032;0.0138465;0.208752;0.0;
0.433025;0.209844;0.401802;0.0138465;0.209844;0.0;
0.434025;0.169507;0.401757;0.0138465;0.169507;0.0;
0.435025;0.199249;0.403469;0.0138465;0.199249;0.0;
0.436025;0.206516;0.402294;0.0138465;0.206516;0.0;
0.437025;0.170857;0.401869;0.0138465;0.170857;0.0;
0.438025;0.200188;0.403621;0.0138465;0.200188;0.0;
0.439025;0.24518;0.401969;0.0138465;0.24518;0.0;
0.440025;0.249559;0.399137;0.0138465;0.249559;0.0;
0.441025;0.208456;0.399122;0.0138465;0.208456;0.0;
0.442025;0.21622;0.401502;0.0138465;0.21622;0.0;
0.443025;0.221014;0.401271;0.0138465;0.221014;0.0;
0.444025;0.180110;0.400970;0.0138465;0.180110;0.0;
0.445025;0.197419;0.402989;0.0138465;0.197419;0.0;
0.446025;0.206581;0.402368;0.0138465;0.206581;0.0;
0.447025;0.171994;0.401814;0.0138465;0.171994;0.0;
0.448025;0.189199;0.403611;0.0138465;0.189199;0.0;
0.449025;0.218721;0.402707;0.0138465;0.218721;0.0;
0.450025;0.224728;0.400789;0.0138465;0.224728;0.0;
0.451025;0.187781;0.400680;0.0138465;0.187781;0.0;
0.452025;0.217147;0.402289;0.0138465;0.217147;0.0;
0.453025;0.226138;0.401081;0.0138465;0.226138;0.0;
0.454025;0.190011;0.400524;0.0138465;0.190011;0.0;
0.455025;0.203290;0.402521;0.0138465;0.203290;0.0;
0.456025;0.214855;0.401952;0.0138465;0.214855;0.0;
0.457025;0.183133;0.401212;0.0138465;0.183133;0.0;
0.458025;0.185265;0.403138;0.0138465;0.185265;0.0;
0.459025;0.204105;0.402985;0.0138465;0.204105;0.0;
0.460025;0.192605;0.401749;0.0138465;0.192605;0.0;
0.461025;0.197827;0.402605;0.0138465;0.197827;0.0;
0.462025;0.236489;0.402484;0.0138465;0.236489;0.0;
0.463025;0.249991;0.399583;0.0138465;0.249991;0.0;
0.464025;0.219527;0.398869;0.0138465;0.219527;0.0;
0.465025;0.203086;0.401023;0.0138465;0.203086;0.0;
0.466025;0.218616;0.401769;0.0138465;0.218616;0.0;
0.467025;0.190117;0.400949;0.0138465;0.190117;0.0;
0.468025;0.187519;0.402677;0.0138465;0.187519;0.0;
0.469025;0.207596;0.402715;0.0138465;0.207596;0.0;
0.470025;0.187201;0.401555;0.0138465;0.187201;0.0;
0.471025;0.174749;0.402943;0.0138465;0.174749;0.0;
0.472025;0.229141;0.403120;0.0138465;0.229141;0.0;
0.473025;0.247591;0.399987;0.0138465;0.247591;0.0;
0.474025;0.222099;0.398933;0.0138465;0.222099;0.0;
0.475025;0.199682;0.400819;0.0138465;0.199682;0.0;
0.476025;0.219853;0.401720;0.0138465;0.219853;0.0;
0.477025;0.195133;0.400817;0.0138465;0.195133;0.0;
0.478025;0.185105;0.402423;0.0138465;0.185105;0.0;
0.479025;0.207845;0.402774;0.0138465;0.207845;0.0;
0.480025;0.189052;0.401485;0.0138465;0.189052;0.0;
0.481025;0.168384;0.402809;0.0138465;0.168384;0.0;
0.482025;0.207524;0.403504;0.0138465;0.207524;0.0;
0.483025;0.221005;0.401380;0.0138465;0.221005;0.0;
0.484025;0.200149;0.400612;0.0138465;0.200149;0.0;
0.485025;0.210062;0.401876;0.0138465;0.210062;0.0;
0.486025;0.232549;0.401245;0.0138465;0.232549;0.0;
0.487025;0.21249;0.399844;0.0138465;0.21249;0.0;
0.488025;0.189127;0.401345;0.0138465;0.189127;0.0;
0.489025;0.214856;0.402288;0.0138465;0.214856;0.0;
0.490025;0.198551;0.401007;0.0138465;0.198551;0.0;
0.491025;0.175595;0.402179;0.0138465;0.175595;0.0;
0.492025;0.202370;0.403189;0.0138465;0.202370;0.0;
0.493025;0.200741;0.401728;0.0138465;0.200741;0.0;
0.494025;0.170316;0.401918;0.0138465;0.170316;0.0;
0.495025;0.220559;0.402913;0.0138465;0.220559;0.0;
0.496025;0.247557;0.400453;0.0138465;0.247557;0.0;
0.497025;0.232323;0.398739;0.0138465;0.232323;0.0;
0.498025;0.18228;0.400050;0.0138465;0.18228;0.0;
0.499025;0.210418;0.402205;0.0138465;0.210418;0.0;
0.500025;0.197145;0.401308;0.0138465;0.197145;0.0;
0.501025;0.176715;0.402194;0.0138465;0.176715;0.0;
0.502025;0.204679;0.403067;0.0138465;0.204679;0.0;
0.503025;0.198668;0.401531;0.0138465;0.198668;0.0;
0.504025;0.163868;0.402043;0.0138465;0.163868;0.0;
0.505025;0.220968;0.403110;0.0138465;0.220968;0.0;
0.506025;0.252902;0.400306;0.0138465;0.252902;0.0;
0.507025;0.242669;0.398314;0.0138465;0.242669;0.0;
0.508025;0.194278;0.399303;0.0138465;0.194278;0.0;
0.509025;0.21323;0.401771;0.0138465;0.21323;0.0;
0.510025;0.203678;0.401112;0.0138465;0.203678;0.0;
0.511025;0.189893;0.401741;0.0138465;0.189893;0.0;
0.512025;0.209939;0.402795;0.0138465;0.209939;0.0;
0.513025;0.205616;0.401167;0.0138465;0.205616;0.0;
0.514025;0.163723;0.401571;0.0138465;0.163723;0.0;
0.515025;0.196712;0.403462;0.0138465;0.196712;0.0;
0.516025;0.214933;0.401920;0.0138465;0.214933;0.0;
0.517025;0.210469;0.400590;0.0138465;0.210469;0.0;
0.518025;0.198696;0.401267;0.0138465;0.198696;0.0;
0.519025;0.228501;0.401708;0.0138465;0.228501;0.0;
0.520025;0.223297;0.39993;0.0138465;0.223297;0.0;
0.521025;0.179674;0.400434;0.0138465;0.179674;0.0;
0.522025;0.204825;0.402539;0.0138465;0.204825;0.0;
0.523025;0.202956;0.401517;0.0138465;0.202956;0.0;
0.524025;0.162916;0.401671;0.0138465;0.162916;0.0;
0.525025;0.194214;0.403446;0.0138465;0.194214;0.0;
0.526025;0.201639;0.402090;0.0138465;0.201639;0.0;
0.527025;0.177329;0.401554;0.0138465;0.177329;0.0;
0.528025;0.206539;0.402807;0.0138465;0.206539;0.0;
0.529025;0.246326;0.401129;0.0138465;0.246326;0.0;
0.530025;0.245812;0.398581;0.0138465;0.245812;0.0;
0.531025;0.199486;0.3989;0.0138465;0.199486;0.0;
0.532025;0.206468;0.401515;0.0138465;0.206468;0.0;
0.533025;0.207737;0.401406;0.0138465;0.207737;0.0;
0.534025;0.171243;0.401328;0.0138465;0.171243;0.0;
0.535025;0.202859;0.402921;0.0138465;0.202859;0.0;
0.536025;0.210208;0.401507;0.0138465;0.210208;0.0;
0.537025;0.174732;0.401079;0.0138465;0.174732;0.0;
0.538025;0.199787;0.402870;0.0138465;0.199787;0.0;
0.539025;0.24263;0.401496;0.0138465;0.24263;0.0;
0.540025;0.247039;0.398784;0.0138465;0.247039;0.0;
0.541025;0.205803;0.398748;0.0138465;0.205803;0.0;
0.542025;0.213356;0.401125;0.0138465;0.213356;0.0;
0.543025;0.218263;0.400912;0.0138465;0.218263;0.0;
0.544025;0.177292;0.400612;0.0138465;0.177292;0.0;
0.545025;0.203549;0.402467;0.0138465;0.203549;0.0;
0.546025;0.21275;0.401462;0.0138465;0.21275;0.0;
0.547025;0.178842;0.400890;0.0138465;0.178842;0.0;
0.548025;0.182857;0.402877;0.0138465;0.182857;0.0;
0.549025;0.211864;0.402577;0.0138465;0.211864;0.0;
0.550025;0.215607;0.400772;0.0138465;0.215607;0.0;
0.551025;0.187373;0.400749;0.0138465;0.187373;0.0;
0.552025;0.223058;0.401873;0.0138465;0.223058;0.0;
0.553025;0.232131;0.400144;0.0138465;0.232131;0.0;
0.554025;0.196426;0.399625;0.0138465;0.196426;0.0;
0.555025;0.196554;0.401827;0.0138465;0.196554;0.0;
0.556025;0.208333;0.401855;0.0138465;0.208333;0.0;
0.557025;0.176358;0.401138;0.0138465;0.176358;0.0;
0.558025;0.187837;0.402833;0.0138465;0.187837;0.0;
0.559025;0.206831;0.402288;0.0138465;0.206831;0.0;
0.560025;0.194527;0.401100;0.0138465;0.194527;0.0;
0.561025;0.197591;0.402049;0.0138465;0.197591;0.0;
0.562025;0.234959;0.402079;0.0138465;0.234959;0.0;
0.563025;0.248563;0.399198;0.0138465;0.248563;0.0;
0.564025;0.218102;0.398477;0.0138465;0.218102;0.0;
0.565025;0.201307;0.400626;0.0138465;0.201307;0.0;
0.566025;0.216979;0.401382;0.0138465;0.216979;0.0;
0.567025;0.188637;0.400572;0.0138465;0.188637;0.0;
0.568025;0.188877;0.402266;0.0138465;0.188877;0.0;
0.569025;0.209011;0.402177;0.0138465;0.209011;0.0;
0.570025;0.188868;0.400987;0.0138465;0.188868;0.0;
0.571025;0.175258;0.402385;0.0138465;0.175258;0.0;
0.572025;0.22674;0.402638;0.0138465;0.22674;0.0;
0.573025;0.245302;0.399676;0.0138465;0.245302;0.0;
0.574025;0.219798;0.398622;0.0138465;0.219798;0.0;
0.575025;0.203764;0.400458;0.0138465;0.203764;0.0;
0.576025;0.223526;0.401080;0.0138465;0.223526;0.0;
0.577025;0.199085;0.400111;0.0138465;0.199085;0.0;
0.578025;0.188349;0.401725;0.0138465;0.188349;0.0;
0.579025;0.211263;0.402095;0.0138465;0.211263;0.0;
0.580025;0.192728;0.400826;0.0138465;0.192728;0.0;
0.581025;0.172047;0.402139;0.0138465;0.172047;0.0;
0.582025;0.210070;0.402848;0.0138465;0.210070;0.0;
0.583025;0.221452;0.400793;0.0138465;0.221452;0.0;
0.584025;0.200366;0.400157;0.0138465;0.200366;0.0;
0.585025;0.209761;0.401438;0.0138465;0.209761;0.0;
0.586025;0.232355;0.400820;0.0138465;0.232355;0.0;
0.587025;0.212393;0.399429;0.0138465;0.212393;0.0;
0.588025;0.188989;0.400923;0.0138465;0.188989;0.0;
0.589025;0.21462;0.401870;0.0138465;0.21462;0.0;
0.590025;0.198482;0.400602;0.0138465;0.198482;0.0;
0.591025;0.176227;0.401765;0.0138465;0.176227;0.0;
0.592025;0.202227;0.402788;0.0138465;0.202227;0.0;
0.593025;0.200210;0.401325;0.0138465;0.200210;0.0;
0.594025;0.175791;0.401541;0.0138465;0.175791;0.0;
0.595025;0.226208;0.402349;0.0138465;0.226208;0.0;
0.596025;0.253253;0.399659;0.0138465;0.253253;0.0;
0.597025;0.23817;0.397964;0.0138465;0.23817;0.0;
0.598025;0.18868;0.399276;0.0138465;0.18868;0.0;
0.599025;0.215769;0.401430;0.0138465;0.215769;0.0;
0.600025;0.202750;0.400579;0.0138465;0.202750;0.0;
0.601025;0.186071;0.401475;0.0138465;0.186071;0.0;
0.602025;0.203854;0.402715;0.0138465;0.203854;0.0;
0.603025;0.198002;0.401213;0.0138465;0.198002;0.0;
0.604025;0.163083;0.401697;0.0138465;0.163083;0.0;
0.605025;0.217936;0.402772;0.0138465;0.217936;0.0;
0.606025;0.250675;0.400052;0.0138465;0.250675;0.0;
0.607025;0.240457;0.398085;0.0138465;0.240457;0.0;
0.608025;0.193576;0.399066;0.0138465;0.193576;0.0;
0.609025;0.217176;0.401246;0.0138465;0.217176;0.0;
0.610025;0.207803;0.400467;0.0138465;0.207803;0.0;
0.611025;0.195036;0.401121;0.0138465;0.195036;0.0;
0.612025;0.207778;0.402376;0.0138465;0.207778;0.0;
0.613025;0.203595;0.400961;0.0138465;0.203595;0.0;
0.614025;0.161707;0.401333;0.0138465;0.161707;0.0;
0.615025;0.194483;0.403210;0.0138465;0.194483;0.0;
0.616025;0.212795;0.401689;0.0138465;0.212795;0.0;
0.617025;0.207225;0.400404;0.0138465;0.207225;0.0;
0.618025;0.196319;0.401094;0.0138465;0.196319;0.0;
0.619025;0.231171;0.401257;0.0138465;0.231171;0.0;
0.620025;0.226087;0.399386;0.0138465;0.226087;0.0;
0.621025;0.182827;0.399903;0.0138465;0.182827;0.0;
0.622025;0.207358;0.402003;0.0138465;0.207358;0.0;
0.623025;0.205677;0.401007;0.0138465;0.205677;0.0;
0.624025;0.166154;0.401156;0.0138465;0.166154;0.0;
0.625025;0.196786;0.402923;0.0138465;0.196786;0.0;
0.626025;0.204281;0.401592;0.0138465;0.204281;0.0;
0.627025;0.180323;0.401053;0.0138465;0.180323;0.0;
0.628025;0.207925;0.402331;0.0138465;0.207925;0.0;
0.629025;0.247696;0.400705;0.0138465;0.247696;0.0;
0.630025;0.24728;0.398163;0.0138465;0.24728;0.0;
0.631025;0.201063;0.398475;0.0138465;0.201063;0.0;
0.632025;0.204659;0.401160;0.0138465;0.204659;0.0;
0.633025;0.206017;0.401197;0.0138465;0.206017;0.0;
0.634025;0.169526;0.401114;0.0138465;0.169526;0.0;
0.635025;0.201299;0.402693;0.0138465;0.201299;0.0;
0.636025;0.208825;0.401283;0.0138465;0.208825;0.0;
0.637025;0.17347;0.400845;0.0138465;0.17347;0.0;
0.638025;0.201432;0.402600;0.0138465;0.201432;0.0;
0.639025;0.243495;0.401105;0.0138465;0.243495;0.0;
0.640025;0.247932;0.398406;0.0138465;0.247932;0.0;
0.641025;0.206899;0.398373;0.0138465;0.206899;0.0;
0.642025;0.214127;0.400742;0.0138465;0.214127;0.0;
0.643025;0.219126;0.400546;0.0138465;0.219126;0.0;
0.644025;0.178412;0.400248;0.0138465;0.178412;0.0;
0.645025;0.201352;0.402129;0.0138465;0.201352;0.0;
0.646025;0.210807;0.401285;0.0138465;0.210807;0.0;
0.647025;0.176907;0.400715;0.0138465;0.176907;0.0;
0.648025;0.187093;0.402557;0.0138465;0.187093;0.0;
0.649025;0.216034;0.402002;0.0138465;0.216034;0.0;
0.650025;0.218779;0.400222;0.0138465;0.218779;0.0;
0.651025;0.189401;0.400254;0.0138465;0.189401;0.0;
0.652025;0.222898;0.401426;0.0138465;0.222898;0.0;
0.653025;0.232062;0.399864;0.0138465;0.232062;0.0;
0.654025;0.196447;0.399342;0.0138465;0.196447;0.0;
0.655025;0.196456;0.401550;0.0138465;0.196456;0.0;
0.656025;0.208398;0.401583;0.0138465;0.208398;0.0;
0.657025;0.176602;0.400847;0.0138465;0.176602;0.0;
0.658025;0.187953;0.402536;0.0138465;0.187953;0.0;
0.659025;0.207104;0.401996;0.0138465;0.207104;0.0;
0.660025;0.195258;0.400796;0.0138465;0.195258;0.0;
0.661025;0.199045;0.401722;0.0138465;0.199045;0.0;
0.662025;0.235431;0.401757;0.0138465;0.235431;0.0;
0.663025;0.249124;0.398891;0.0138465;0.249124;0.0;
0.664025;0.218766;0.398165;0.0138465;0.218766;0.0;
0.665025;0.201737;0.400309;0.0138465;0.201737;0.0;
0.666025;0.217625;0.401068;0.0138465;0.217625;0.0;
0.667025;0.189417;0.400263;0.0138465;0.189417;0.0;
0.668025;0.189467;0.401948;0.0138465;0.189467;0.0;
0.669025;0.209808;0.401864;0.0138465;0.209808;0.0;
0.670025;0.18987;0.400673;0.0138465;0.18987;0.0;
0.671025;0.176625;0.402056;0.0138465;0.176625;0.0;
0.672025;0.227731;0.402296;0.0138465;0.227731;0.0;
0.673025;0.246309;0.399353;0.0138465;0.246309;0.0;
0.674025;0.220915;0.398295;0.0138465;0.220915;0.0;
0.675025;0.201244;0.400144;0.0138465;0.201244;0.0;
0.676025;0.221496;0.400915;0.0138465;0.221496;0.0;
0.677025;0.197125;0.399993;0.0138465;0.197125;0.0;
0.678025;0.18635;0.401589;0.0138465;0.18635;0.0;
0.679025;0.209575;0.401954;0.0138465;0.209575;0.0;
0.680025;0.191133;0.400680;0.0138465;0.191133;0.0;
0.681025;0.170443;0.401982;0.0138465;0.170443;0.0;
0.682025;0.208692;0.402684;0.0138465;0.208692;0.0;
0.683025;0.219838;0.400627;0.0138465;0.219838;0.0;
0.684025;0.198709;0.400007;0.0138465;0.198709;0.0;
0.685025;0.208144;0.401289;0.0138465;0.208144;0.0;
0.686025;0.230859;0.400670;0.0138465;0.230859;0.0;
0.687025;0.210944;0.399279;0.0138465;0.210944;0.0;
0.688025;0.187554;0.400766;0.0138465;0.187554;0.0;
0.689025;0.213338;0.401707;0.0138465;0.213338;0.0;
0.690025;0.197317;0.400438;0.0138465;0.197317;0.0;
0.691025;0.175536;0.401577;0.0138465;0.175536;0.0;
0.692025;0.204183;0.402453;0.0138465;0.204183;0.0;
0.693025;0.202342;0.400953;0.0138465;0.202342;0.0;
0.694025;0.174892;0.401171;0.0138465;0.174892;0.0;
0.695025;0.22467;0.402085;0.0138465;0.22467;0.0;
0.696025;0.251744;0.399529;0.0138465;0.251744;0.0;
0.697025;0.236734;0.397826;0.0138465;0.236734;0.0;
0.698025;0.187289;0.399128;0.0138465;0.187289;0.0;
0.699025;0.214462;0.401277;0.0138465;0.214462;0.0;
0.700025;0.201567;0.400427;0.0138465;0.201567;0.0;
0.701025;0.185362;0.401314;0.0138465;0.185362;0.0;
0.702025;0.202840;0.402546;0.0138465;0.202840;0.0;
0.703025;0.1972;0.401045;0.0138465;0.1972;0.0;
0.704025;0.16268;0.401516;0.0138465;0.16268;0.0;
0.705025;0.217668;0.402568;0.0138465;0.217668;0.0;
0.706025;0.250429;0.399844;0.0138465;0.250429;0.0;
0.707025;0.240294;0.397872;0.0138465;0.240294;0.0;
0.708025;0.193562;0.398849;0.0138465;0.193562;0.0;
0.709025;0.217043;0.401035;0.0138465;0.217043;0.0;
0.710025;0.207824;0.400252;0.0138465;0.207824;0.0;
0.711025;0.194934;0.400898;0.0138465;0.194934;0.0;
0.712025;0.207834;0.402150;0.0138465;0.207834;0.0;
0.713025;0.203809;0.400735;0.0138465;0.203809;0.0;
0.714025;0.162127;0.401097;0.0138465;0.162127;0.0;
0.715025;0.195165;0.402964;0.0138465;0.195165;0.0;
0.716025;0.213612;0.401435;0.0138465;0.213612;0.0;
0.717025;0.208208;0.400135;0.0138465;0.208208;0.0;
0.718025;0.197487;0.400818;0.0138465;0.197487;0.0;
0.719025;0.232034;0.400985;0.0138465;0.232034;0.0;
0.720025;0.227043;0.399118;0.0138465;0.227043;0.0;
0.721025;0.184030;0.399627;0.0138465;0.184030;0.0;
0.722025;0.208382;0.401719;0.0138465;0.208382;0.0;
0.723025;0.206795;0.400734;0.0138465;0.206795;0.0;
0.724025;0.167575;0.400878;0.0138465;0.167575;0.0;
0.725025;0.19797;0.402633;0.0138465;0.19797;0.0;
0.726025;0.205678;0.401312;0.0138465;0.205678;0.0;
0.727025;0.181898;0.400764;0.0138465;0.181898;0.0;
0.728025;0.208669;0.402054;0.0138465;0.208669;0.0;
0.729025;0.248499;0.400455;0.0138465;0.248499;0.0;
0.730025;0.24817;0.397914;0.0138465;0.24817;0.0;
0.731025;0.202155;0.398219;0.0138465;0.202155;0.0;
0.732025;0.205557;0.400896;0.0138465;0.205557;0.0;
0.733025;0.207072;0.400941;0.0138465;0.207072;0.0;
0.734025;0.170860;0.400853;0.0138465;0.170860;0.0;
0.735025;0.202406;0.402423;0.0138465;0.202406;0.0;
0.736025;0.210076;0.401022;0.0138465;0.210076;0.0;
0.737025;0.175155;0.400576;0.0138465;0.175155;0.0;
0.738025;0.197060;0.402374;0.0138465;0.197060;0.0;
0.739025;0.239732;0.401153;0.0138465;0.239732;0.0;
0.740025;0.244236;0.398474;0.0138465;0.244236;0.0;
0.741025;0.203117;0.398424;0.0138465;0.203117;0.0;
0.742025;0.210593;0.400790;0.0138465;0.210593;0.0;
0.743025;0.21575;0.400584;0.0138465;0.21575;0.0;
0.744025;0.174794;0.400275;0.0138465;0.174794;0.0;
0.745025;0.201241;0.402110;0.0138465;0.201241;0.0;
0.746025;0.210782;0.401109;0.0138465;0.210782;0.0;
0.747025;0.177119;0.400521;0.0138465;0.177119;0.0;
0.748025;0.187243;0.402359;0.0138465;0.187243;0.0;
0.749025;0.216601;0.401797;0.0138465;0.216601;0.0;
0.750025;0.219634;0.399995;0.0138465;0.219634;0.0;
0.751025;0.187883;0.400015;0.0138465;0.187883;0.0;
0.752025;0.220733;0.401262;0.0138465;0.220733;0.0;
0.753025;0.230053;0.399823;0.0138465;0.230053;0.0;
0.754025;0.194475;0.399292;0.0138465;0.194475;0.0;
0.755025;0.200775;0.401329;0.0138465;0.200775;0.0;
0.756025;0.212796;0.401099;0.0138465;0.212796;0.0;
0.757025;0.181441;0.400392;0.0138465;0.181441;0.0;
0.758025;0.18322;0.402268;0.0138465;0.18322;0.0;
0.759025;0.202703;0.402128;0.0138465;0.202703;0.0;
0.760025;0.190953;0.400899;0.0138465;0.190953;0.0;
0.761025;0.191595;0.401779;0.0138465;0.191595;0.0;
0.762025;0.240043;0.401349;0.0138465;0.240043;0.0;
0.763025;0.253825;0.398402;0.0138465;0.253825;0.0;
0.764025;0.22365;0.397691;0.0138465;0.22365;0.0;
0.765025;0.196231;0.399886;0.0138465;0.196231;0.0;
0.766025;0.213081;0.401101;0.0138465;0.213081;0.0;
0.767025;0.184744;0.400408;0.0138465;0.184744;0.0;
0.768025;0.188258;0.402041;0.0138465;0.188258;0.0;
0.769025;0.208795;0.401802;0.0138465;0.208795;0.0;
0.770025;0.188966;0.400558;0.0138465;0.188966;0.0;
0.771025;0.175773;0.401941;0.0138465;0.175773;0.0;
0.772025;0.226767;0.402177;0.0138465;0.226767;0.0;
0.773025;0.245429;0.399249;0.0138465;0.245429;0.0;
0.774025;0.220164;0.398188;0.0138465;0.220164;0.0;
0.775025;0.200409;0.400029;0.0138465;0.200409;0.0;
0.776025;0.220832;0.400799;0.0138465;0.220832;0.0;
0.777025;0.196585;0.399872;0.0138465;0.196585;0.0;
0.778025;0.185807;0.401457;0.0138465;0.185807;0.0;
0.779025;0.209207;0.401818;0.0138465;0.209207;0.0;
0.780025;0.190976;0.400540;0.0138465;0.190976;0.0;
0.781025;0.170366;0.401831;0.0138465;0.170366;0.0;
0.782025;0.209049;0.402523;0.0138465;0.209049;0.0;
0.783025;0.220542;0.400447;0.0138465;0.220542;0.0;
0.784025;0.199524;0.399806;0.0138465;0.199524;0.0;
0.785025;0.208825;0.401080;0.0138465;0.208825;0.0;
0.786025;0.231603;0.400466;0.0138465;0.231603;0.0;
0.787025;0.211859;0.399074;0.0138465;0.211859;0.0;
0.788025;0.188604;0.400552;0.0138465;0.188604;0.0;
0.789025;0.214284;0.401491;0.0138465;0.214284;0.0;
0.790025;0.198519;0.400224;0.0138465;0.198519;0.0;
0.791025;0.177191;0.401367;0.0138465;0.177191;0.0;
0.792025;0.202467;0.402395;0.0138465;0.202467;0.0;
0.793025;0.201114;0.400914;0.0138465;0.201114;0.0;
0.794025;0.176642;0.401095;0.0138465;0.176642;0.0;
0.795025;0.226743;0.401906;0.0138465;0.226743;0.0;
0.796025;0.253948;0.399238;0.0138465;0.253948;0.0;
0.797025;0.2391;0.397534;0.0138465;0.2391;0.0;
0.798025;0.189932;0.398832;0.0138465;0.189932;0.0;
0.799025;0.216788;0.400975;0.0138465;0.216788;0.0;
0.800025;0.204106;0.400135;0.0138465;0.204106;0.0;
0.801025;0.188811;0.401014;0.0138465;0.188811;0.0;
0.802025;0.205420;0.402242;0.0138465;0.205420;0.0;
0.803025;0.199904;0.400748;0.0138465;0.199904;0.0;
0.804025;0.163601;0.401213;0.0138465;0.163601;0.0;
0.805025;0.214184;0.402428;0.0138465;0.214184;0.0;
0.806025;0.247151;0.399939;0.0138465;0.247151;0.0;
0.807025;0.237135;0.397953;0.0138465;0.237135;0.0;
0.808025;0.192971;0.398916;0.0138465;0.192971;0.0;
0.809025;0.223289;0.400761;0.0138465;0.223289;0.0;
0.810025;0.21426;0.399693;0.0138465;0.21426;0.0;
0.811025;0.170405;0.400366;0.0138465;0.170405;0.0;
0.812025;0.205084;0.402087;0.0138465;0.205084;0.0;
0.813025;0.201245;0.400806;0.0138465;0.201245;0.0;
0.814025;0.161121;0.401126;0.0138465;0.161121;0.0;
0.815025;0.19887;0.402711;0.0138465;0.19887;0.0;
0.816025;0.217362;0.401057;0.0138465;0.217362;0.0;
0.817025;0.211398;0.399796;0.0138465;0.211398;0.0;
0.818025;0.202276;0.400532;0.0138465;0.202276;0.0;
0.819025;0.226138;0.401222;0.0138465;0.226138;0.0;
0.820025;0.221303;0.39939;0.0138465;0.221303;0.0;
0.821025;0.178801;0.399869;0.0138465;0.178801;0.0;
0.822025;0.206071;0.401883;0.0138465;0.206071;0.0;
0.823025;0.204615;0.400746;0.0138465;0.204615;0.0;
0.824025;0.165383;0.400881;0.0138465;0.165383;0.0;
0.825025;0.196105;0.402629;0.0138465;0.196105;0.0;
0.826025;0.204399;0.401295;0.0138465;0.204399;0.0;
0.827025;0.180697;0.400724;0.0138465;0.180697;0.0;
0.828025;0.207959;0.401982;0.0138465;0.207959;0.0;
0.829025;0.247887;0.400368;0.0138465;0.247887;0.0;
0.830025;0.247698;0.397826;0.0138465;0.247698;0.0;
0.831025;0.201738;0.398125;0.0138465;0.201738;0.0;
0.832025;0.205220;0.400793;0.0138465;0.205220;0.0;
0.833025;0.206883;0.400836;0.0138465;0.206883;0.0;
0.834025;0.170814;0.400742;0.0138465;0.170814;0.0;
0.835025;0.202374;0.402301;0.0138465;0.202374;0.0;
0.836025;0.210260;0.400899;0.0138465;0.210260;0.0;
0.837025;0.175516;0.400442;0.0138465;0.175516;0.0;
0.838025;0.197412;0.402231;0.0138465;0.197412;0.0;
0.839025;0.239809;0.401016;0.0138465;0.239809;0.0;
0.840025;0.244456;0.398348;0.0138465;0.244456;0.0;
0.841025;0.203427;0.398291;0.0138465;0.203427;0.0;
0.842025;0.210842;0.400648;0.0138465;0.210842;0.0;
0.843025;0.216144;0.400444;0.0138465;0.216144;0.0;
0.844025;0.175462;0.400131;0.0138465;0.175462;0.0;
0.845025;0.201809;0.401955;0.0138465;0.201809;0.0;
0.846025;0.211558;0.400955;0.0138465;0.211558;0.0;
0.847025;0.178119;0.400358;0.0138465;0.178119;0.0;
0.848025;0.185185;0.402258;0.0138465;0.185185;0.0;
0.849025;0.214797;0.401815;0.0138465;0.214797;0.0;
0.850025;0.217837;0.4;0.0138465;0.217837;0.0;
0.851025;0.189932;0.400016;0.0138465;0.189932;0.0;
0.852025;0.225046;0.401125;0.0138465;0.225046;0.0;
0.853025;0.234428;0.399427;0.0138465;0.234428;0.0;
0.854025;0.19925;0.398893;0.0138465;0.19925;0.0;
0.855025;0.195911;0.401128;0.0138465;0.195911;0.0;
0.856025;0.208163;0.401310;0.0138465;0.208163;0.0;
0.857025;0.17667;0.400579;0.0138465;0.17667;0.0;
0.858025;0.188115;0.402242;0.0138465;0.188115;0.0;
0.859025;0.207560;0.401698;0.0138465;0.207560;0.0;
0.860025;0.196033;0.400483;0.0138465;0.196033;0.0;
0.861025;0.199839;0.401399;0.0138465;0.199839;0.0;
0.862025;0.235542;0.401464;0.0138465;0.235542;0.0;
0.863025;0.249456;0.398606;0.0138465;0.249456;0.0;
0.864025;0.219333;0.397866;0.0138465;0.219333;0.0;
0.865025;0.202135;0.399995;0.0138465;0.202135;0.0;
0.866025;0.218378;0.400751;0.0138465;0.218378;0.0;
0.867025;0.190595;0.399941;0.0138465;0.190595;0.0;
0.868025;0.187439;0.401630;0.0138465;0.187439;0.0;
0.869025;0.208292;0.401683;0.0138465;0.208292;0.0;
0.870025;0.188663;0.400506;0.0138465;0.188663;0.0;
0.871025;0.175913;0.401853;0.0138465;0.175913;0.0;
0.872025;0.227172;0.402066;0.0138465;0.227172;0.0;
0.873025;0.245973;0.399123;0.0138465;0.245973;0.0;
0.874025;0.220728;0.398055;0.0138465;0.220728;0.0;
0.875025;0.201002;0.399893;0.0138465;0.201002;0.0;
0.876025;0.221552;0.400662;0.0138465;0.221552;0.0;
0.877025;0.197487;0.399729;0.0138465;0.197487;0.0;
0.878025;0.186674;0.401306;0.0138465;0.186674;0.0;
0.879025;0.210249;0.401663;0.0138465;0.210249;0.0;
0.880025;0.192214;0.400382;0.0138465;0.192214;0.0;
0.881025;0.171771;0.401662;0.0138465;0.171771;0.0;
0.882025;0.210338;0.402348;0.0138465;0.210338;0.0;
0.883025;0.221554;0.400273;0.0138465;0.221554;0.0;
0.884025;0.200654;0.399644;0.0138465;0.200654;0.0;
0.885025;0.209879;0.400919;0.0138465;0.209879;0.0;
0.886025;0.232777;0.400304;0.0138465;0.232777;0.0;
0.887025;0.213208;0.39891;0.0138465;0.213208;0.0;
0.888025;0.190032;0.400380;0.0138465;0.190032;0.0;
0.889025;0.215724;0.401314;0.0138465;0.215724;0.0;
0.890025;0.200153;0.400048;0.0138465;0.200153;0.0;
0.891025;0.181783;0.401194;0.0138465;0.181783;0.0;
0.892025;0.198283;0.402549;0.0138465;0.198283;0.0;
0.893025;0.197045;0.401101;0.0138465;0.197045;0.0;
0.894025;0.174090;0.401254;0.0138465;0.174090;0.0;
0.895025;0.226189;0.402000;0.0138465;0.226189;0.0;
0.896025;0.253471;0.399186;0.0138465;0.253471;0.0;
0.897025;0.238693;0.397475;0.0138465;0.238693;0.0;
0.898025;0.189644;0.398771;0.0138465;0.189644;0.0;
0.899025;0.216588;0.400905;0.0138465;0.216588;0.0;
0.900025;0.204047;0.400062;0.0138465;0.204047;0.0;
0.901025;0.189117;0.400932;0.0138465;0.189117;0.0;
0.902025;0.205583;0.402151;0.0138465;0.205583;0.0;
0.903025;0.200217;0.400652;0.0138465;0.200217;0.0;
0.904025;0.163568;0.401107;0.0138465;0.163568;0.0;
0.905025;0.212783;0.402442;0.0138465;0.212783;0.0;
0.906025;0.245586;0.399978;0.0138465;0.245586;0.0;
0.907025;0.23563;0.397967;0.0138465;0.23563;0.0;
0.908025;0.191508;0.398927;0.0138465;0.191508;0.0;
0.909025;0.222037;0.400765;0.0138465;0.222037;0.0;
0.910025;0.21313;0.399687;0.0138465;0.21313;0.0;
0.911025;0.169379;0.400352;0.0138465;0.169379;0.0;
0.912025;0.204219;0.402063;0.0138465;0.204219;0.0;
0.913025;0.200516;0.400774;0.0138465;0.200516;0.0;
0.914025;0.160541;0.401084;0.0138465;0.160541;0.0;
0.915025;0.198778;0.402660;0.0138465;0.198778;0.0;
0.916025;0.217483;0.400982;0.0138465;0.217483;0.0;
0.917025;0.21194;0.399691;0.0138465;0.21194;0.0;
0.918025;0.204781;0.400412;0.0138465;0.204781;0.0;
0.919025;0.223846;0.401192;0.0138465;0.223846;0.0;
0.920025;0.21913;0.399467;0.0138465;0.21913;0.0;
0.921025;0.177312;0.399925;0.0138465;0.177312;0.0;
0.922025;0.207186;0.401729;0.0138465;0.207186;0.0;
0.923025;0.205953;0.400576;0.0138465;0.205953;0.0;
0.924025;0.167039;0.400719;0.0138465;0.167039;0.0;
0.925025;0.197634;0.402454;0.0138465;0.197634;0.0;
0.926025;0.205986;0.401124;0.0138465;0.205986;0.0;
0.927025;0.182536;0.400545;0.0138465;0.182536;0.0;
0.928025;0.209220;0.401807;0.0138465;0.209220;0.0;
0.929025;0.249251;0.400207;0.0138465;0.249251;0.0;
0.930025;0.249141;0.397661;0.0138465;0.249141;0.0;
0.931025;0.203402;0.397953;0.0138465;0.203402;0.0;
0.932025;0.206819;0.400614;0.0138465;0.206819;0.0;
0.933025;0.208629;0.400658;0.0138465;0.208629;0.0;
0.934025;0.171459;0.400559;0.0138465;0.171459;0.0;
0.935025;0.201300;0.402162;0.0138465;0.201300;0.0;
0.936025;0.209408;0.400895;0.0138465;0.209408;0.0;
0.937025;0.174742;0.400428;0.0138465;0.174742;0.0;
0.938025;0.199784;0.402161;0.0138465;0.199784;0.0;
0.939025;0.241878;0.400810;0.0138465;0.241878;0.0;
0.940025;0.246605;0.39814;0.0138465;0.246605;0.0;
0.941025;0.205821;0.398083;0.0138465;0.205821;0.0;
0.942025;0.213155;0.400431;0.0138465;0.213155;0.0;
0.943025;0.218524;0.400230;0.0138465;0.218524;0.0;
0.944025;0.17823;0.399914;0.0138465;0.17823;0.0;
0.945025;0.201278;0.401767;0.0138465;0.201278;0.0;
0.946025;0.211177;0.400917;0.0138465;0.211177;0.0;
0.947025;0.177934;0.400321;0.0138465;0.177934;0.0;
0.948025;0.185081;0.402204;0.0138465;0.185081;0.0;
0.949025;0.214909;0.401755;0.0138465;0.214909;0.0;
0.950025;0.217818;0.399933;0.0138465;0.217818;0.0;
0.951025;0.190059;0.399954;0.0138465;0.190059;0.0;
0.952025;0.225171;0.401058;0.0138465;0.225171;0.0;
0.953025;0.234624;0.399358;0.0138465;0.234624;0.0;
0.954025;0.199602;0.398817;0.0138465;0.199602;0.0;
0.955025;0.196344;0.401043;0.0138465;0.196344;0.0;
0.956025;0.208730;0.401219;0.0138465;0.208730;0.0;
0.957025;0.177512;0.400483;0.0138465;0.177512;0.0;
0.958025;0.185901;0.402208;0.0138465;0.185901;0.0;
0.959025;0.205641;0.401779;0.0138465;0.205641;0.0;
0.960025;0.194561;0.400538;0.0138465;0.194561;0.0;
0.961025;0.199080;0.401422;0.0138465;0.199080;0.0;
0.962025;0.234886;0.401451;0.0138465;0.234886;0.0;
0.963025;0.248872;0.398588;0.0138465;0.248872;0.0;
0.964025;0.218874;0.397843;0.0138465;0.218874;0.0;
0.965025;0.201806;0.399965;0.0138465;0.201806;0.0;
0.966025;0.218197;0.400713;0.0138465;0.218197;0.0;
0.967025;0.190480;0.399894;0.0138465;0.190480;0.0;
0.968025;0.187472;0.401576;0.0138465;0.187472;0.0;
0.969025;0.208466;0.401621;0.0138465;0.208466;0.0;
0.970025;0.188994;0.400435;0.0138465;0.188994;0.0;
0.971025;0.176338;0.401773;0.0138465;0.176338;0.0;
0.972025;0.227495;0.401981;0.0138465;0.227495;0.0;
0.973025;0.246299;0.399045;0.0138465;0.246299;0.0;
0.974025;0.221269;0.397973;0.0138465;0.221269;0.0;
0.975025;0.198478;0.399837;0.0138465;0.198478;0.0;
0.976025;0.219171;0.400772;0.0138465;0.219171;0.0;
0.977025;0.195141;0.399828;0.0138465;0.195141;0.0;
0.978025;0.184548;0.401391;0.0138465;0.184548;0.0;
0.979025;0.208362;0.401736;0.0138465;0.208362;0.0;
0.980025;0.190394;0.400441;0.0138465;0.190394;0.0;
0.981025;0.170063;0.401711;0.0138465;0.170063;0.0;
0.982025;0.208992;0.402385;0.0138465;0.208992;0.0;
0.983025;0.220294;0.400296;0.0138465;0.220294;0.0;
0.984025;0.19949;0.399664;0.0138465;0.19949;0.0;
0.985025;0.208803;0.400933;0.0138465;0.208803;0.0;
0.986025;0.231862;0.400312;0.0138465;0.231862;0.0;
0.987025;0.212411;0.398909;0.0138465;0.212411;0.0;
0.988025;0.189342;0.400371;0.0138465;0.189342;0.0;
0.989025;0.215205;0.401297;0.0138465;0.215205;0.0;
0.990025;0.199763;0.400021;0.0138465;0.199763;0.0;
0.991025;0.180207;0.401155;0.0138465;0.180207;0.0;
0.992025;0.201206;0.402387;0.0138465;0.201206;0.0;
0.993025;0.200136;0.400853;0.0138465;0.200136;0.0;
0.994025;0.176947;0.401009;0.0138465;0.176947;0.0;
0.995025;0.228648;0.401773;0.0138465;0.228648;0.0;
0.996025;0.256055;0.398972;0.0138465;0.256055;0.0;
0.997025;0.241366;0.397255;0.0138465;0.241366;0.0;
0.998025;0.191525;0.398545;0.0138465;0.191525;0.0;
0.999025;0.216344;0.400752;0.0138465;0.216344;0.0;
1.00003;0.203870;0.400038;0.0138465;0.203870;0.0;
1.00102;0.189225;0.400892;0.0138465;0.189225;0.0;
1.00203;0.205692;0.402099;0.0138465;0.205692;0.0;
1.00302;0.200542;0.400593;0.0138465;0.200542;0.0;
1.00402;0.164090;0.401038;0.0138465;0.164090;0.0;
1.00503;0.212907;0.402370;0.0138465;0.212907;0.0;
1.00602;0.245978;0.399907;0.0138465;0.245978;0.0;
1.00703;0.236096;0.397895;0.0138465;0.236096;0.0;
1.00802;0.192154;0.398848;0.0138465;0.192154;0.0;
1.00902;0.222657;0.400680;0.0138465;0.222657;0.0;
1.01003;0.213901;0.399599;0.0138465;0.213901;0.0;
1.01102;0.170396;0.400256;0.0138465;0.170396;0.0;
1.01202;0.205155;0.401959;0.0138465;0.205155;0.0;
1.01302;0.201678;0.400666;0.0138465;0.201678;0.0;
1.01402;0.161308;0.400967;0.0138465;0.161308;0.0;
1.01503;0.197205;0.402723;0.0138465;0.197205;0.0;
1.01602;0.216024;0.401051;0.0138465;0.216024;0.0;
1.01702;0.210604;0.399736;0.0138465;0.210604;0.0;
1.01802;0.201824;0.400451;0.0138465;0.201824;0.0;
1.01902;0.225709;0.401132;0.0138465;0.225709;0.0;
1.02003;0.221083;0.39929;0.0138465;0.221083;0.0;
1.02102;0.17798;0.399753;0.0138465;0.17798;0.0;
1.02202;0.203219;0.401821;0.0138465;0.203219;0.0;
1.02302;0.202170;0.400800;0.0138465;0.202170;0.0;
1.02402;0.162964;0.400911;0.0138465;0.162964;0.0;
1.02503;0.194324;0.402634;0.0138465;0.194324;0.0;
1.02602;0.202928;0.401280;0.0138465;0.202928;0.0;
1.02702;0.179438;0.400688;0.0138465;0.179438;0.0;
1.02803;0.206643;0.401936;0.0138465;0.206643;0.0;
1.02902;0.246888;0.400321;0.0138465;0.246888;0.0;
1.03003;0.246903;0.397766;0.0138465;0.246903;0.0;
1.03102;0.201191;0.398050;0.0138465;0.201191;0.0;
1.03202;0.204823;0.400703;0.0138465;0.204823;0.0;
1.03303;0.206772;0.400733;0.0138465;0.206772;0.0;
1.03402;0.171007;0.400623;0.0138465;0.171007;0.0;
1.03503;0.202771;0.402162;0.0138465;0.202771;0.0;
1.03602;0.210939;0.400749;0.0138465;0.210939;0.0;
1.03702;0.176639;0.400274;0.0138465;0.176639;0.0;
1.03803;0.195518;0.402121;0.0138465;0.195518;0.0;
1.03902;0.23795;0.401027;0.0138465;0.23795;0.0;
1.04002;0.242733;0.398351;0.0138465;0.242733;0.0;
1.04102;0.201906;0.398279;0.0138465;0.201906;0.0;
1.04202;0.209549;0.400623;0.0138465;0.209549;0.0;
1.04303;0.215139;0.400404;0.0138465;0.215139;0.0;
1.04402;0.174664;0.400073;0.0138465;0.174664;0.0;
1.04502;0.201279;0.401879;0.0138465;0.201279;0.0;
1.04602;0.211319;0.400866;0.0138465;0.211319;0.0;
1.04702;0.178242;0.400250;0.0138465;0.178242;0.0;
1.04803;0.185533;0.402131;0.0138465;0.185533;0.0;
1.04902;0.215409;0.401675;0.0138465;0.215409;0.0;
1.05002;0.218187;0.399847;0.0138465;0.218187;0.0;
1.05103;0.189166;0.399873;0.0138465;0.189166;0.0;
1.05202;0.222775;0.401026;0.0138465;0.222775;0.0;
1.05303;0.232374;0.399459;0.0138465;0.232374;0.0;
1.05402;0.197375;0.398911;0.0138465;0.197375;0.0;
1.05502;0.194307;0.401124;0.0138465;0.194307;0.0;
1.05603;0.206945;0.401289;0.0138465;0.206945;0.0;
1.05702;0.175732;0.400540;0.0138465;0.175732;0.0;
1.05803;0.190381;0.402143;0.0138465;0.190381;0.0;
1.05902;0.210101;0.401449;0.0138465;0.210101;0.0;
1.06002;0.199285;0.400196;0.0138465;0.199285;0.0;
1.06103;0.203854;0.401090;0.0138465;0.203854;0.0;
1.06202;0.235928;0.401240;0.0138465;0.235928;0.0;
1.06302;0.249984;0.398484;0.0138465;0.249984;0.0;
1.06402;0.220153;0.397722;0.0138465;0.220153;0.0;
1.06502;0.203061;0.399835;0.0138465;0.203061;0.0;
1.06603;0.219565;0.400580;0.0138465;0.219565;0.0;
1.06702;0.192073;0.39976;0.0138465;0.192073;0.0;
1.06802;0.182405;0.401540;0.0138465;0.182405;0.0;
1.06902;0.204241;0.401893;0.0138465;0.204241;0.0;
1.07002;0.184783;0.400651;0.0138465;0.184783;0.0;
1.07103;0.178016;0.401939;0.0138465;0.178016;0.0;
1.07202;0.229633;0.401816;0.0138465;0.229633;0.0;
1.07302;0.248566;0.398846;0.0138465;0.248566;0.0;
1.07402;0.223652;0.397782;0.0138465;0.223652;0.0;
1.07502;0.195401;0.399672;0.0138465;0.195401;0.0;
1.07603;0.21537;0.400933;0.0138465;0.21537;0.0;
1.07702;0.191368;0.400032;0.0138465;0.191368;0.0;
1.07802;0.184456;0.401558;0.0138465;0.184456;0.0;
1.07903;0.208139;0.401751;0.0138465;0.208139;0.0;
1.08002;0.190381;0.400393;0.0138465;0.190381;0.0;
1.08103;0.170206;0.401663;0.0138465;0.170206;0.0;
1.08202;0.209263;0.402328;0.0138465;0.209263;0.0;
1.08302;0.220431;0.400234;0.0138465;0.220431;0.0;
1.08403;0.199776;0.399602;0.0138465;0.199776;0.0;
1.08502;0.209158;0.400867;0.0138465;0.209158;0.0;
1.08602;0.232281;0.400242;0.0138465;0.232281;0.0;
1.08702;0.212981;0.398835;0.0138465;0.212981;0.0;
1.08802;0.190090;0.400287;0.0138465;0.190090;0.0;
1.08903;0.215923;0.401207;0.0138465;0.215923;0.0;
1.09002;0.200648;0.399927;0.0138465;0.200648;0.0;
1.09102;0.183043;0.401055;0.0138465;0.183043;0.0;
1.09202;0.199295;0.402391;0.0138465;0.199295;0.0;
1.09302;0.198426;0.400934;0.0138465;0.198426;0.0;
1.09403;0.175276;0.401068;0.0138465;0.175276;0.0;
1.09502;0.227269;0.401822;0.0138465;0.227269;0.0;
1.09602;0.254819;0.399013;0.0138465;0.254819;0.0;
1.09702;0.240259;0.39729;0.0138465;0.240259;0.0;
1.09802;0.191553;0.398571;0.0138465;0.191553;0.0;
1.09903;0.218489;0.400690;0.0138465;0.218489;0.0;
1.10002;0.206279;0.399844;0.0138465;0.206279;0.0;
1.10102;0.192225;0.400697;0.0138465;0.192225;0.0;
1.10202;0.208125;0.401900;0.0138465;0.208125;0.0;
1.10302;0.203153;0.400398;0.0138465;0.203153;0.0;
1.10403;0.165458;0.400834;0.0138465;0.165458;0.0;
1.10502;0.209578;0.402414;0.0138465;0.209578;0.0;
1.10602;0.242799;0.400095;0.0138465;0.242799;0.0;
1.10703;0.233026;0.398057;0.0138465;0.233026;0.0;
1.10802;0.188931;0.399003;0.0138465;0.188931;0.0;
1.10903;0.219865;0.400828;0.0138465;0.219865;0.0;
1.11002;0.211273;0.39973;0.0138465;0.211273;0.0;
1.11102;0.167534;0.400377;0.0138465;0.167534;0.0;
1.11203;0.202888;0.402071;0.0138465;0.202888;0.0;
1.11302;0.199597;0.400760;0.0138465;0.199597;0.0;
1.11402;0.160695;0.401048;0.0138465;0.160695;0.0;
1.11502;0.201383;0.402470;0.0138465;0.201383;0.0;
1.11602;0.220233;0.400721;0.0138465;0.220233;0.0;
1.11703;0.214388;0.399446;0.0138465;0.214388;0.0;
1.11802;0.207829;0.400173;0.0138465;0.207829;0.0;
1.11902;0.226432;0.400941;0.0138465;0.226432;0.0;
1.12002;0.221951;0.399216;0.0138465;0.221951;0.0;
1.12102;0.179084;0.39966;0.0138465;0.179084;0.0;
1.12203;0.204266;0.401718;0.0138465;0.204266;0.0;
1.12302;0.203298;0.400697;0.0138465;0.203298;0.0;
1.12402;0.164466;0.400799;0.0138465;0.164466;0.0;
1.12502;0.195701;0.402513;0.0138465;0.195701;0.0;
1.12602;0.204430;0.401157;0.0138465;0.204430;0.0;
1.12703;0.181185;0.400557;0.0138465;0.181185;0.0;
1.12802;0.207949;0.401807;0.0138465;0.207949;0.0;
1.12902;0.248223;0.400201;0.0138465;0.248223;0.0;
1.13003;0.248314;0.397644;0.0138465;0.248314;0.0;
1.13102;0.202819;0.397921;0.0138465;0.202819;0.0;
1.13203;0.206451;0.400566;0.0138465;0.206451;0.0;
1.13302;0.208543;0.400596;0.0138465;0.208543;0.0;
1.13402;0.169247;0.400481;0.0138465;0.169247;0.0;
1.13503;0.198767;0.402139;0.0138465;0.198767;0.0;
1.13602;0.207184;0.400973;0.0138465;0.207184;0.0;
1.13702;0.172767;0.400481;0.0138465;0.172767;0.0;
1.13802;0.201235;0.402165;0.0138465;0.201235;0.0;
1.13902;0.24314;0.400657;0.0138465;0.24314;0.0;
1.14003;0.248078;0.39797;0.0138465;0.248078;0.0;
1.14102;0.207572;0.397907;0.0138465;0.207572;0.0;
1.14202;0.214901;0.400239;0.0138465;0.214901;0.0;
1.14302;0.220544;0.400035;0.0138465;0.220544;0.0;
1.14402;0.180665;0.399706;0.0138465;0.180665;0.0;
1.14503;0.197632;0.401701;0.0138465;0.197632;0.0;
1.14602;0.207931;0.401072;0.0138465;0.207931;0.0;
1.14702;0.174785;0.400450;0.0138465;0.174785;0.0;
1.14802;0.191547;0.402171;0.0138465;0.191547;0.0;
1.14902;0.221258;0.401299;0.0138465;0.221258;0.0;
1.15003;0.223438;0.399446;0.0138465;0.223438;0.0;
1.15102;0.187005;0.39952;0.0138465;0.187005;0.0;
1.15202;0.215896;0.401089;0.0138465;0.215896;0.0;
1.15302;0.225665;0.399912;0.0138465;0.225665;0.0;
1.15402;0.190396;0.399325;0.0138465;0.190396;0.0;
1.15503;0.203349;0.401259;0.0138465;0.203349;0.0;
1.15602;0.216033;0.400706;0.0138465;0.216033;0.0;
1.15702;0.185517;0.399927;0.0138465;0.185517;0.0;
1.15803;0.18739;0.401778;0.0138465;0.18739;0.0;
1.15902;0.207356;0.401623;0.0138465;0.207356;0.0;
1.16003;0.196612;0.400363;0.0138465;0.196612;0.0;
1.16102;0.201196;0.401228;0.0138465;0.201196;0.0;
1.16202;0.236587;0.401274;0.0138465;0.236587;0.0;
1.16303;0.250779;0.39841;0.0138465;0.250779;0.0;
1.16402;0.221103;0.397651;0.0138465;0.221103;0.0;
1.16502;0.200556;0.399767;0.0138465;0.200556;0.0;
1.16602;0.217593;0.400644;0.0138465;0.217593;0.0;
1.16702;0.190205;0.399876;0.0138465;0.190205;0.0;
1.16803;0.187415;0.401527;0.0138465;0.187415;0.0;
1.16902;0.208762;0.401556;0.0138465;0.208762;0.0;
1.17002;0.189669;0.400350;0.0138465;0.189669;0.0;
1.17102;0.177344;0.401669;0.0138465;0.177344;0.0;
1.17202;0.228144;0.401863;0.0138465;0.228144;0.0;
1.17303;0.24715;0.39894;0.0138465;0.24715;0.0;
1.17402;0.222278;0.397858;0.0138465;0.222278;0.0;
1.17502;0.199605;0.399711;0.0138465;0.199605;0.0;
1.17602;0.220542;0.400643;0.0138465;0.220542;0.0;
1.17702;0.196793;0.399679;0.0138465;0.196793;0.0;
1.17803;0.186331;0.401226;0.0138465;0.186331;0.0;
1.17902;0.210413;0.401560;0.0138465;0.210413;0.0;
1.18002;0.192892;0.400253;0.0138465;0.192892;0.0;
1.18103;0.172957;0.401502;0.0138465;0.172957;0.0;
1.18202;0.211776;0.402164;0.0138465;0.211776;0.0;
1.18303;0.222649;0.400070;0.0138465;0.222649;0.0;
1.18402;0.202148;0.39945;0.0138465;0.202148;0.0;
1.18502;0.211434;0.400716;0.0138465;0.211434;0.0;
1.18603;0.234644;0.400091;0.0138465;0.234644;0.0;
1.18702;0.215473;0.39868;0.0138465;0.215473;0.0;
1.18802;0.190634;0.400141;0.0138465;0.190634;0.0;
1.18902;0.212535;0.401306;0.0138465;0.212535;0.0;
1.19002;0.197291;0.400161;0.0138465;0.197291;0.0;
1.19103;0.17673;0.401229;0.0138465;0.17673;0.0;
1.19202;0.205465;0.402068;0.0138465;0.205465;0.0;
1.19302;0.204707;0.400529;0.0138465;0.204707;0.0;
1.19402;0.171932;0.400683;0.0138465;0.171932;0.0;
1.19502;0.221202;0.401887;0.0138465;0.221202;0.0;
1.19603;0.248868;0.399444;0.0138465;0.248868;0.0;
1.19702;0.234393;0.397674;0.0138465;0.234393;0.0;
1.19802;0.185425;0.398945;0.0138465;0.185425;0.0;
1.19902;0.213128;0.401055;0.0138465;0.213128;0.0;
1.20002;0.200924;0.400176;0.0138465;0.200924;0.0;
1.20103;0.186241;0.401017;0.0138465;0.186241;0.0;
1.20202;0.203504;0.402206;0.0138465;0.203504;0.0;
1.20302;0.198677;0.400671;0.0138465;0.198677;0.0;
1.20402;0.163263;0.401094;0.0138465;0.163263;0.0;
1.20502;0.214174;0.402261;0.0138465;0.214174;0.0;
1.20603;0.247556;0.399744;0.0138465;0.247556;0.0;
1.20702;0.237893;0.397739;0.0138465;0.237893;0.0;
1.20802;0.193156;0.398678;0.0138465;0.193156;0.0;
1.20903;0.221719;0.400577;0.0138465;0.221719;0.0;
1.21002;0.213226;0.399615;0.0138465;0.213226;0.0;
1.21102;0.169875;0.400248;0.0138465;0.169875;0.0;
1.21202;0.205029;0.401932;0.0138465;0.205029;0.0;
1.21302;0.201834;0.400621;0.0138465;0.201834;0.0;
1.21403;0.161881;0.400904;0.0138465;0.161881;0.0;
1.21502;0.197937;0.402649;0.0138465;0.197937;0.0;
1.21602;0.217014;0.400954;0.0138465;0.217014;0.0;
1.21702;0.211403;0.399632;0.0138465;0.211403;0.0;
1.21802;0.203132;0.400349;0.0138465;0.203132;0.0;
1.21903;0.226847;0.401018;0.0138465;0.226847;0.0;
1.22002;0.222506;0.399169;0.0138465;0.222506;0.0;
1.22102;0.179767;0.399615;0.0138465;0.179767;0.0;
1.22202;0.205052;0.401667;0.0138465;0.205052;0.0;
1.22302;0.204228;0.400640;0.0138465;0.204228;0.0;
1.22403;0.165662;0.400735;0.0138465;0.165662;0.0;
1.22502;0.196869;0.402438;0.0138465;0.196869;0.0;
1.22602;0.205723;0.401078;0.0138465;0.205723;0.0;
1.22702;0.182704;0.400470;0.0138465;0.182704;0.0;
1.22802;0.209179;0.401718;0.0138465;0.209179;0.0;
1.22903;0.249551;0.400119;0.0138465;0.249551;0.0;
1.23002;0.249716;0.397556;0.0138465;0.249716;0.0;
1.23102;0.204360;0.397826;0.0138465;0.204360;0.0;
1.23203;0.208059;0.400464;0.0138465;0.208059;0.0;
1.23302;0.210222;0.400491;0.0138465;0.210222;0.0;
1.23403;0.167148;0.400371;0.0138465;0.167148;0.0;
1.23502;0.197675;0.402146;0.0138465;0.197675;0.0;
1.23602;0.206313;0.401047;0.0138465;0.206313;0.0;
1.23703;0.171963;0.400535;0.0138465;0.171963;0.0;
1.23802;0.200696;0.402207;0.0138465;0.200696;0.0;
1.23902;0.24269;0.400689;0.0138465;0.24269;0.0;
1.24002;0.247693;0.397997;0.0138465;0.247693;0.0;
1.24102;0.207240;0.397927;0.0138465;0.207240;0.0;
1.24203;0.214709;0.400255;0.0138465;0.214709;0.0;
1.24302;0.220489;0.400042;0.0138465;0.220489;0.0;
1.24402;0.180752;0.399705;0.0138465;0.180752;0.0;
1.24502;0.197857;0.401693;0.0138465;0.197857;0.0;
1.24602;0.208290;0.401055;0.0138465;0.208290;0.0;
1.24703;0.175327;0.400422;0.0138465;0.175327;0.0;
1.24802;0.189202;0.402158;0.0138465;0.189202;0.0;
1.24902;0.21923;0.401422;0.0138465;0.21923;0.0;
1.25002;0.221608;0.399577;0.0138465;0.221608;0.0;
1.25102;0.185182;0.39963;0.0138465;0.185182;0.0;
1.25203;0.217311;0.401163;0.0138465;0.217311;0.0;
1.25302;0.227207;0.399819;0.0138465;0.227207;0.0;
1.25402;0.192183;0.399213;0.0138465;0.192183;0.0;
1.25502;0.202101;0.401172;0.0138465;0.202101;0.0;
1.25602;0.214874;0.400764;0.0138465;0.214874;0.0;
1.25703;0.184495;0.400001;0.0138465;0.184495;0.0;
1.25802;0.186586;0.401833;0.0138465;0.186586;0.0;
1.25902;0.206790;0.401666;0.0138465;0.206790;0.0;
1.26003;0.196173;0.400394;0.0138465;0.196173;0.0;
1.26102;0.200760;0.401251;0.0138465;0.200760;0.0;
1.26202;0.236369;0.401292;0.0138465;0.236369;0.0;
1.26302;0.250628;0.39842;0.0138465;0.250628;0.0;
1.26402;0.221017;0.397655;0.0138465;0.221017;0.0;
1.26503;0.200607;0.399765;0.0138465;0.200607;0.0;
1.26602;0.217779;0.400634;0.0138465;0.217779;0.0;
1.26702;0.190546;0.399858;0.0138465;0.190546;0.0;
1.26802;0.187905;0.401500;0.0138465;0.187905;0.0;
1.26902;0.209371;0.401520;0.0138465;0.209371;0.0;
1.27003;0.190449;0.400306;0.0138465;0.190449;0.0;
1.27102;0.17823;0.401616;0.0138465;0.17823;0.0;
1.27202;0.228886;0.401803;0.0138465;0.228886;0.0;
1.27302;0.248023;0.398885;0.0138465;0.248023;0.0;
1.27402;0.223236;0.397799;0.0138465;0.223236;0.0;
1.27503;0.197787;0.399674;0.0138465;0.197787;0.0;
1.27602;0.218572;0.400802;0.0138465;0.218572;0.0;
1.27702;0.194944;0.3998;0.0138465;0.194944;0.0;
1.27802;0.184714;0.401335;0.0138465;0.184714;0.0;
1.27902;0.208940;0.401656;0.0138465;0.208940;0.0;
1.28003;0.191503;0.400336;0.0138465;0.191503;0.0;
1.28102;0.171706;0.401577;0.0138465;0.171706;0.0;
1.28202;0.210839;0.402224;0.0138465;0.210839;0.0;
1.28303;0.221857;0.400118;0.0138465;0.221857;0.0;
1.28402;0.201468;0.39949;0.0138465;0.201468;0.0;
1.28503;0.210900;0.400750;0.0138465;0.210900;0.0;
1.28602;0.234188;0.400117;0.0138465;0.234188;0.0;
1.28702;0.215143;0.398699;0.0138465;0.215143;0.0;
1.28803;0.190430;0.400152;0.0138465;0.190430;0.0;
1.28902;0.212477;0.401309;0.0138465;0.212477;0.0;
1.29002;0.197443;0.400155;0.0138465;0.197443;0.0;
1.29102;0.177182;0.401227;0.0138465;0.177182;0.0;
1.29202;0.202891;0.402216;0.0138465;0.202891;0.0;
1.29303;0.202326;0.400684;0.0138465;0.202326;0.0;
1.29402;0.17513;0.400820;0.0138465;0.17513;0.0;
1.29502;0.225048;0.401722;0.0138465;0.225048;0.0;
1.29602;0.252746;0.399157;0.0138465;0.252746;0.0;
1.29702;0.238373;0.397416;0.0138465;0.238373;0.0;
1.29803;0.189881;0.398678;0.0138465;0.189881;0.0;
1.29902;0.217232;0.400782;0.0138465;0.217232;0.0;
1.30002;0.205271;0.399912;0.0138465;0.205271;0.0;
1.30102;0.191398;0.400747;0.0138465;0.191398;0.0;
1.30202;0.207805;0.401931;0.0138465;0.207805;0.0;
1.30303;0.203108;0.400406;0.0138465;0.203108;0.0;
1.30402;0.165719;0.400823;0.0138465;0.165719;0.0;
1.30502;0.209744;0.402385;0.0138465;0.209744;0.0;
1.30602;0.243229;0.400062;0.0138465;0.243229;0.0;
1.30702;0.233662;0.398018;0.0138465;0.233662;0.0;
1.30803;0.189832;0.39895;0.0138465;0.189832;0.0;
1.30902;0.220925;0.400762;0.0138465;0.220925;0.0;
1.31002;0.212557;0.399653;0.0138465;0.212557;0.0;
1.31103;0.169281;0.400283;0.0138465;0.169281;0.0;
1.31202;0.204693;0.401961;0.0138465;0.204693;0.0;
1.31302;0.201634;0.400639;0.0138465;0.201634;0.0;
1.31402;0.161813;0.400913;0.0138465;0.161813;0.0;
1.31502;0.198017;0.402647;0.0138465;0.198017;0.0;
1.31603;0.217228;0.400943;0.0138465;0.217228;0.0;
1.31702;0.21162;0.399618;0.0138465;0.21162;0.0;
1.31802;0.205019;0.400333;0.0138465;0.205019;0.0;
1.31902;0.224221;0.401088;0.0138465;0.224221;0.0;
1.32002;0.219992;0.399342;0.0138465;0.219992;0.0;
1.32103;0.178119;0.39977;0.0138465;0.178119;0.0;
1.32202;0.205928;0.401755;0.0138465;0.205928;0.0;
1.32302;0.205320;0.400571;0.0138465;0.205320;0.0;
1.32402;0.166957;0.400657;0.0138465;0.166957;0.0;
1.32502;0.19813;0.402357;0.0138465;0.19813;0.0;
1.32603;0.207107;0.400993;0.0138465;0.207107;0.0;
1.32702;0.184315;0.400377;0.0138465;0.184315;0.0;
1.32802;0.207537;0.401640;0.0138465;0.207537;0.0;
1.32902;0.248091;0.400183;0.0138465;0.248091;0.0;
1.33002;0.248383;0.397652;0.0138465;0.248383;0.0;
1.33103;0.203100;0.397907;0.0138465;0.203100;0.0;
1.33202;0.206941;0.400537;0.0138465;0.206941;0.0;
1.33302;0.209310;0.400553;0.0138465;0.209310;0.0;
1.33403;0.170404;0.400422;0.0138465;0.170404;0.0;
1.33502;0.200049;0.402066;0.0138465;0.200049;0.0;
1.33602;0.208799;0.400883;0.0138465;0.208799;0.0;
1.33702;0.175058;0.400373;0.0138465;0.175058;0.0;
1.33802;0.197626;0.402096;0.0138465;0.197626;0.0;
1.33903;0.240360;0.400841;0.0138465;0.240360;0.0;
1.34002;0.245421;0.39815;0.0138465;0.245421;0.0;
1.34102;0.205007;0.398065;0.0138465;0.205007;0.0;
1.34202;0.212766;0.400387;0.0138465;0.212766;0.0;
1.34302;0.218688;0.400160;0.0138465;0.218688;0.0;
1.34403;0.178935;0.399812;0.0138465;0.178935;0.0;
1.34502;0.19943;0.401688;0.0138465;0.19943;0.0;
1.34602;0.209979;0.400938;0.0138465;0.209979;0.0;
1.34702;0.177311;0.400308;0.0138465;0.177311;0.0;
1.34802;0.188175;0.402077;0.0138465;0.188175;0.0;
1.34903;0.218596;0.401463;0.0138465;0.218596;0.0;
1.35002;0.221787;0.399606;0.0138465;0.221787;0.0;
1.35102;0.185376;0.399615;0.0138465;0.185376;0.0;
1.35202;0.21763;0.401142;0.0138465;0.21763;0.0;
1.35302;0.227659;0.399793;0.0138465;0.227659;0.0;
1.35403;0.192735;0.39918;0.0138465;0.192735;0.0;
1.35502;0.202785;0.401131;0.0138465;0.202785;0.0;
1.35602;0.215615;0.400717;0.0138465;0.215615;0.0;
1.35702;0.185506;0.399946;0.0138465;0.185506;0.0;
1.35802;0.187669;0.401769;0.0138465;0.187669;0.0;
1.35903;0.207902;0.401597;0.0138465;0.207902;0.0;
1.36002;0.197455;0.400319;0.0138465;0.197455;0.0;
1.36102;0.202106;0.401170;0.0138465;0.202106;0.0;
1.36203;0.237529;0.401215;0.0138465;0.237529;0.0;
1.36302;0.251857;0.398343;0.0138465;0.251857;0.0;
1.36402;0.222407;0.397571;0.0138465;0.222407;0.0;
1.36502;0.198688;0.399692;0.0138465;0.198688;0.0;
1.36602;0.216247;0.400704;0.0138465;0.216247;0.0;
1.36703;0.189069;0.399961;0.0138465;0.189069;0.0;
1.36802;0.18987;0.401557;0.0138465;0.18987;0.0;
1.36902;0.21126;0.401426;0.0138465;0.21126;0.0;
1.37002;0.192564;0.400176;0.0138465;0.192564;0.0;
1.37102;0.180574;0.401484;0.0138465;0.180574;0.0;
1.37203;0.230761;0.401669;0.0138465;0.230761;0.0;
1.37302;0.249893;0.398767;0.0138465;0.249893;0.0;
1.37402;0.225275;0.397676;0.0138465;0.225275;0.0;
1.37502;0.197462;0.399548;0.0138465;0.197462;0.0;
1.37602;0.217574;0.400791;0.0138465;0.217574;0.0;
1.37703;0.194040;0.399875;0.0138465;0.194040;0.0;
1.37802;0.184001;0.401389;0.0138465;0.184001;0.0;
1.37902;0.208467;0.401699;0.0138465;0.208467;0.0;
1.38002;0.191153;0.400367;0.0138465;0.191153;0.0;
1.38102;0.171486;0.401599;0.0138465;0.171486;0.0;
1.38203;0.210776;0.402236;0.0138465;0.210776;0.0;
1.38302;0.221862;0.400120;0.0138465;0.221862;0.0;
1.38402;0.201543;0.39949;0.0138465;0.201543;0.0;
1.38503;0.211043;0.400745;0.0138465;0.211043;0.0;
1.38602;0.234462;0.400106;0.0138465;0.234462;0.0;
1.38702;0.21556;0.398682;0.0138465;0.21556;0.0;
1.38802;0.191013;0.400127;0.0138465;0.191013;0.0;
1.38902;0.213106;0.401277;0.0138465;0.213106;0.0;
1.39003;0.198233;0.400117;0.0138465;0.198233;0.0;
1.39102;0.17824;0.401180;0.0138465;0.17824;0.0;
1.39202;0.203890;0.402164;0.0138465;0.203890;0.0;
1.39302;0.203749;0.400621;0.0138465;0.203749;0.0;
1.39402;0.171868;0.400732;0.0138465;0.171868;0.0;
1.39503;0.22128;0.401892;0.0138465;0.22128;0.0;
1.39602;0.249079;0.39943;0.0138465;0.249079;0.0;
1.39702;0.234809;0.39765;0.0138465;0.234809;0.0;
1.39802;0.186168;0.398907;0.0138465;0.186168;0.0;
1.39902;0.214039;0.401002;0.0138465;0.214039;0.0;
1.40003;0.202139;0.400110;0.0138465;0.202139;0.0;
1.40102;0.188009;0.400935;0.0138465;0.188009;0.0;
1.40202;0.205213;0.402107;0.0138465;0.205213;0.0;
1.40302;0.200621;0.400562;0.0138465;0.200621;0.0;
1.40402;0.164108;0.400967;0.0138465;0.164108;0.0;
1.40503;0.210649;0.402465;0.0138465;0.210649;0.0;
1.40602;0.244245;0.39999;0.0138465;0.244245;0.0;
1.40702;0.234755;0.397942;0.0138465;0.234755;0.0;
1.40802;0.191079;0.398873;0.0138465;0.191079;0.0;
1.40902;0.222179;0.400677;0.0138465;0.222179;0.0;
1.41003;0.2139;0.399566;0.0138465;0.2139;0.0;
1.41102;0.171007;0.400190;0.0138465;0.171007;0.0;
1.41202;0.206277;0.401859;0.0138465;0.206277;0.0;
1.41303;0.203374;0.400535;0.0138465;0.203374;0.0;
1.41402;0.162916;0.400801;0.0138465;0.162916;0.0;
1.41502;0.196898;0.402597;0.0138465;0.196898;0.0;
1.41602;0.216277;0.401012;0.0138465;0.216277;0.0;
1.41702;0.210795;0.399674;0.0138465;0.210795;0.0;
1.41803;0.202652;0.400378;0.0138465;0.202652;0.0;
1.41902;0.226651;0.401035;0.0138465;0.226651;0.0;
1.42002;0.222513;0.399171;0.0138465;0.222513;0.0;
1.42102;0.180070;0.399603;0.0138465;0.180070;0.0;
1.42202;0.205547;0.401639;0.0138465;0.205547;0.0;
1.42303;0.205075;0.400598;0.0138465;0.205075;0.0;
1.42402;0.166839;0.400674;0.0138465;0.166839;0.0;
1.42502;0.198163;0.402361;0.0138465;0.198163;0.0;
1.42602;0.207278;0.400988;0.0138465;0.207278;0.0;
1.42702;0.184642;0.400362;0.0138465;0.184642;0.0;
1.42803;0.207848;0.401620;0.0138465;0.207848;0.0;
1.42902;0.24846;0.400161;0.0138465;0.24846;0.0;
1.43002;0.248887;0.397626;0.0138465;0.248887;0.0;
1.43102;0.203699;0.397874;0.0138465;0.203699;0.0;
1.43202;0.207677;0.400498;0.0138465;0.207677;0.0;
1.43303;0.210116;0.400508;0.0138465;0.210116;0.0;
1.43402;0.167336;0.400370;0.0138465;0.167336;0.0;
1.43502;0.198060;0.402129;0.0138465;0.198060;0.0;
1.43602;0.207040;0.401013;0.0138465;0.207040;0.0;
1.43702;0.173288;0.400481;0.0138465;0.173288;0.0;
1.43802;0.202141;0.402125;0.0138465;0.202141;0.0;
1.43902;0.244545;0.400583;0.0138465;0.244545;0.0;
1.44002;0.24969;0.397868;0.0138465;0.24969;0.0;
1.44103;0.209594;0.397789;0.0138465;0.209594;0.0;
1.44202;0.217116;0.400102;0.0138465;0.217116;0.0;
1.44302;0.223094;0.399884;0.0138465;0.223094;0.0;
1.44402;0.183874;0.399535;0.0138465;0.183874;0.0;
1.44502;0.194794;0.401674;0.0138465;0.194794;0.0;
1.44603;0.205553;0.401260;0.0138465;0.205553;0.0;
1.44702;0.172718;0.400592;0.0138465;0.172718;0.0;
1.44802;0.190142;0.402280;0.0138465;0.190142;0.0;
1.44902;0.220668;0.401365;0.0138465;0.220668;0.0;
1.45002;0.223659;0.399466;0.0138465;0.223659;0.0;
1.45103;0.187532;0.399498;0.0138465;0.187532;0.0;
1.45202;0.216601;0.401050;0.0138465;0.216601;0.0;
1.45302;0.226703;0.399857;0.0138465;0.226703;0.0;
1.45402;0.191861;0.399249;0.0138465;0.191861;0.0;
1.45502;0.205129;0.401160;0.0138465;0.205129;0.0;
1.45603;0.218128;0.400588;0.0138465;0.218128;0.0;
1.45702;0.188257;0.399786;0.0138465;0.188257;0.0;
1.45802;0.190346;0.401609;0.0138465;0.190346;0.0;
1.45902;0.210618;0.401435;0.0138465;0.210618;0.0;
1.46002;0.200308;0.400154;0.0138465;0.200308;0.0;
1.46102;0.204875;0.401004;0.0138465;0.204875;0.0;
1.46202;0.237118;0.401157;0.0138465;0.237118;0.0;
1.46302;0.251578;0.398385;0.0138465;0.251578;0.0;
1.46403;0.222257;0.397596;0.0138465;0.222257;0.0;
1.46502;0.198601;0.39971;0.0138465;0.198601;0.0;
1.46602;0.216367;0.400715;0.0138465;0.216367;0.0;
1.46702;0.189266;0.399962;0.0138465;0.189266;0.0;
1.46802;0.190212;0.401551;0.0138465;0.190212;0.0;
1.46903;0.211794;0.401411;0.0138465;0.211794;0.0;
1.47002;0.193262;0.400153;0.0138465;0.193262;0.0;
1.47102;0.181371;0.401451;0.0138465;0.181371;0.0;
1.47202;0.231425;0.401630;0.0138465;0.231425;0.0;
1.47302;0.250621;0.398731;0.0138465;0.250621;0.0;
1.47403;0.226083;0.397637;0.0138465;0.226083;0.0;
1.47502;0.198449;0.399503;0.0138465;0.198449;0.0;
1.47602;0.2186;0.400740;0.0138465;0.2186;0.0;
1.47702;0.195256;0.399819;0.0138465;0.195256;0.0;
1.47802;0.185254;0.401324;0.0138465;0.185254;0.0;
1.47903;0.209798;0.401630;0.0138465;0.209798;0.0;
1.48002;0.19268;0.400292;0.0138465;0.19268;0.0;
1.48102;0.173259;0.401515;0.0138465;0.173259;0.0;
1.48202;0.212464;0.402147;0.0138465;0.212464;0.0;
1.48302;0.223263;0.400026;0.0138465;0.223263;0.0;
1.48403;0.203204;0.399401;0.0138465;0.203204;0.0;
1.48502;0.212684;0.400655;0.0138465;0.212684;0.0;
1.48602;0.236137;0.400014;0.0138465;0.236137;0.0;
1.48702;0.217342;0.398587;0.0138465;0.217342;0.0;
1.48802;0.194638;0.400051;0.0138465;0.194638;0.0;
1.48902;0.208970;0.401592;0.0138465;0.208970;0.0;
1.49002;0.194099;0.400398;0.0138465;0.194099;0.0;
1.49102;0.176334;0.401410;0.0138465;0.176334;0.0;
1.49203;0.209255;0.401981;0.0138465;0.209255;0.0;
1.49302;0.209141;0.400271;0.0138465;0.209141;0.0;
1.49402;0.177134;0.400406;0.0138465;0.177134;0.0;
1.49502;0.223078;0.401618;0.0138465;0.223078;0.0;
1.49602;0.250991;0.399324;0.0138465;0.250991;0.0;
1.49703;0.236803;0.39755;0.0138465;0.236803;0.0;
1.49802;0.1884;0.398794;0.0138465;0.1884;0.0;
1.49902;0.21616;0.400885;0.0138465;0.21616;0.0;
1.50002;0.204381;0.399993;0.0138465;0.204381;0.0;
1.50102;0.440105;0.400830;0.0138465;0.400830;1.0;
1.50203;0.299909;0.404761;0.0138465;0.299909;0.0;
1.50302;0.236905;0.411204;0.0138465;0.236905;0.0;
1.50402;0.204555;0.415212;0.0138465;0.204555;0.0;
1.50502;0.227063;0.416701;0.0138465;0.227063;0.0;
1.50602;0.260217;0.415202;0.0138465;0.260217;0.0;
1.50703;0.251548;0.413175;0.0138465;0.251548;0.0;
1.50802;0.206729;0.414025;0.0138465;0.206729;0.0;
1.50902;0.235999;0.416116;0.0138465;0.235999;0.0;
1.51002;0.229509;0.41495;0.0138465;0.229509;0.0;
1.51102;0.202388;0.415428;0.0138465;0.202388;0.0;
1.51202;0.229696;0.41673;0.0138465;0.229696;0.0;
1.51302;0.229279;0.415287;0.0138465;0.229279;0.0;
1.51402;0.202506;0.415417;0.0138465;0.202506;0.0;
1.51503;0.227227;0.416857;0.0138465;0.227227;0.0;
1.51602;0.26647;0.415182;0.0138465;0.26647;0.0;
1.51702;0.263625;0.412802;0.0138465;0.263625;0.0;
1.51802;0.214911;0.413265;0.0138465;0.214911;0.0;
1.51902;0.237749;0.415717;0.0138465;0.237749;0.0;
1.52003;0.235362;0.414949;0.0138465;0.235362;0.0;
1.52102;0.203551;0.41511;0.0138465;0.203551;0.0;
1.52202;0.232563;0.416633;0.0138465;0.232563;0.0;
1.52302;0.234168;0.415186;0.0138465;0.234168;0.0;
1.52402;0.203774;0.415167;0.0138465;0.203774;0.0;
1.52503;0.26828;0.416783;0.0138465;0.26828;0.0;
1.52602;0.778628;0.415801;0.0138465;0.415801;1.0;
1.52702;0.780659;0.414929;0.0138465;0.414929;1.0;
1.52802;0.750466;0.415231;0.0138465;0.415231;1.0;
1.52902;0.750466;0.416866;0.0138465;0.416866;1.0;
1.53003;0.750466;0.416986;0.0138465;0.416986;1.0;
1.53102;0.750466;0.416949;0.0138465;0.416949;1.0;
1.53202;0.750466;0.416957;0.0138465;0.416957;1.0;
1.53302;0.750466;0.416911;0.0138465;0.416911;1.0;
1.53402;0.750399;0.416947;0.0138465;0.416947;1.0;
1.53503;0.750466;0.41696;0.0138465;0.41696;1.0;
1.53602;0.750466;0.416956;0.0138465;0.416956;1.0;
1.53702;0.750466;0.416956;0.0138465;0.416956;1.0;
1.53802;0.750466;0.416956;0.0138465;0.416956;1.0;
1.53902;0.750466;0.416956;0.0138465;0.416956;1.0;
1.54002;0.750466;0.416956;0.0138465;0.416956;1.0;
1.54102;0.750466;0.416956;0.0138465;0.416956;1.0;
1.54202;0.750466;0.416957;0.0138465;0.416957;1.0;
1.54303;0.750466;0.416956;0.0138465;0.416956;1.0;
1.54402;0.750399;0.416956;0.0138465;0.416956;1.0;
1.54502;0.750466;0.416957;0.0138465;0.416957;1.0;
1.54602;0.750466;0.416956;0.0138465;0.416956;1.0;
1.54702;0.750466;0.416956;0.0138465;0.416956;1.0;
1.54803;0.750466;0.416956;0.0138465;0.416956;1.0;
1.54902;0.750466;0.416956;0.0138465;0.416956;1.0;
1.55002;0.750466;0.416956;0.0138465;0.416956;1.0;
1.55102;0.750466;0.416956;0.0138465;0.416956;1.0;
1.55202;0.750466;0.416957;0.0138465;0.416957;1.0;
1.55303;0.750466;0.416956;0.0138465;0.416956;1.0;
1.55402;0.750399;0.416956;0.0138465;0.416956;1.0;
1.55502;0.750466;0.416957;0.0138465;0.416957;1.0;
1.55602;0.750466;0.416956;0.0138465;0.416956;1.0;
1.55702;0.750466;0.416956;0.0138465;0.416956;1.0;
1.55803;0.750466;0.416956;0.0138465;0.416956;1.0;
1.55902;0.750466;0.416956;0.0138465;0.416956;1.0;
1.56002;0.750466;0.416956;0.0138465;0.416956;1.0;
1.56102;0.750466;0.416956;0.0138465;0.416956;1.0;
1.56202;0.750466;0.416957;0.0138465;0.416957;1.0;
1.56302;0.750466;0.416956;0.0138465;0.416956;1.0;
1.56402;0.750399;0.416956;0.0138465;0.416956;1.0;
1.56502;0.750466;0.416957;0.0138465;0.416957;1.0;
1.56603;0.750466;0.416956;0.0138465;0.416956;1.0;
1.56702;0.750466;0.416956;0.0138465;0.416956;1.0;
1.56802;0.750466;0.416956;0.0138465;0.416956;1.0;
1.56902;0.750466;0.416956;0.0138465;0.416956;1.0;
1.57002;0.750466;0.416956;0.0138465;0.416956;1.0;
1.57103;0.750466;0.416956;0.0138465;0.416956;1.0;
1.57202;0.750466;0.416957;0.0138465;0.416957;1.0;
1.57302;0.750466;0.416956;0.0138465;0.416956;1.0;
1.57402;0.750399;0.416956;0.0138465;0.416956;1.0;
1.57502;0.750466;0.416957;0.0138465;0.416957;1.0;
1.57603;0.750466;0.416956;0.0138465;0.416956;1.0;
1.57702;0.750466;0.416956;0.0138465;0.416956;1.0;
1.57802;0.750466;0.416956;0.0138465;0.416956;1.0;
1.57902;0.750466;0.416956;0.0138465;0.416956;1.0;
1.58002;0.750466;0.416956;0.0138465;0.416956;1.0;
1.58103;0.750466;0.416956;0.0138465;0.416956;1.0;
1.58202;0.750466;0.416957;0.0138465;0.416957;1.0;
1.58302;0.750466;0.416956;0.0138465;0.416956;1.0;
1.58402;0.750399;0.416956;0.0138465;0.416956;1.0;
1.58502;0.750466;0.416957;0.0138465;0.416957;1.0;
1.58602;0.750466;0.416956;0.0138465;0.416956;1.0;
1.58702;0.750466;0.416956;0.0138465;0.416956;1.0;
1.58802;0.750466;0.416956;0.0138465;0.416956;1.0;
1.58902;0.750466;0.416956;0.0138465;0.416956;1.0;
1.59002;0.750466;0.416956;0.0138465;0.416956;1.0;
1.59102;0.750466;0.416956;0.0138465;0.416956;1.0;
1.59202;0.750466;0.416957;0.0138465;0.416957;1.0;
1.59302;0.750466;0.416956;0.0138465;0.416956;1.0;
1.59403;0.750399;0.416956;0.0138465;0.416956;1.0;
1.59502;0.750466;0.416957;0.0138465;0.416957;1.0;
1.59602;0.750466;0.416956;0.0138465;0.416956;1.0;
1.59702;0.750466;0.416956;0.0138465;0.416956;1.0;
1.59802;0.750466;0.416956;0.0138465;0.416956;1.0;
1.59903;0.750466;0.416956;0.0138465;0.416956;1.0;
1.60002;0.750466;0.416956;0.0138465;0.416956;1.0;
1.60102;0.750466;0.416956;0.0138465;0.416956;1.0;
1.60202;0.750466;0.416957;0.0138465;0.416957;1.0;
1.60302;0.750466;0.416956;0.0138465;0.416956;1.0;
1.60403;0.750399;0.416956;0.0138465;0.416956;1.0;
1.60502;0.750466;0.416957;0.0138465;0.416957;1.0;
1.60602;0.750466;0.416956;0.0138465;0.416956;1.0;
1.60702;0.750466;0.416956;0.0138465;0.416956;1.0;
1.60802;0.750466;0.416956;0.0138465;0.416956;1.0;
1.60903;0.750466;0.416956;0.0138465;0.416956;1.0;
1.61002;0.750466;0.416956;0.0138465;0.416956;1.0;
1.61102;0.750466;0.416956;0.0138465;0.416956;1.0;
1.61202;0.750466;0.416957;0.0138465;0.416957;1.0;
1.61302;0.750466;0.416956;0.0138465;0.416956;1.0;
1.61402;0.750399;0.416956;0.0138465;0.416956;1.0;
1.61502;0.750466;0.416957;0.0138465;0.416957;1.0;
1.61602;0.750466;0.416956;0.0138465;0.416956;1.0;
1.61703;0.750466;0.416956;0.0138465;0.416956;1.0;
1.61802;0.750466;0.416956;0.0138465;0.416956;1.0;
1.61902;0.750466;0.416956;0.0138465;0.416956;1.0;
1.62002;0.750466;0.416956;0.0138465;0.416956;1.0;
1.62102;0.750466;0.416956;0.0138465;0.416956;1.0;
1.62203;0.750466;0.416957;0.0138465;0.416957;1.0;
1.62302;0.750466;0.416956;0.0138465;0.416956;1.0;
1.62402;0.750399;0.416956;0.0138465;0.416956;1.0;
1.62502;0.750466;0.416957;0.0138465;0.416957;1.0;
1.62602;0.750466;0.416956;0.0138465;0.416956;1.0;
1.62703;0.750466;0.416956;0.0138465;0.416956;1.0;
1.62802;0.750466;0.416956;0.0138465;0.416956;1.0;
1.62902;0.750466;0.416956;0.0138465;0.416956;1.0;
1.63002;0.750466;0.416956;0.0138465;0.416956;1.0;
1.63102;0.750466;0.416956;0.0138465;0.416956;1.0;
1.63203;0.750466;0.416957;0.0138465;0.416957;1.0;
1.63302;0.750466;0.416956;0.0138465;0.416956;1.0;
1.63402;0.750399;0.416956;0.0138465;0.416956;1.0;
1.63502;0.750466;0.416957;0.0138465;0.416957;1.0;
1.63602;0.750466;0.416956;0.0138465;0.416956;1.0;
1.63702;0.750466;0.416956;0.0138465;0.416956;1.0;
1.63802;0.750466;0.416956;0.0138465;0.416956;1.0;
1.63902;0.750466;0.416956;0.0138465;0.416956;1.0;
1.64002;0.750466;0.416956;0.0138465;0.416956;1.0;
1.64102;0.750466;0.416956;0.0138465;0.416956;1.0;
1.64202;0.750466;0.416957;0.0138465;0.416957;1.0;
1.64302;0.750466;0.416956;0.0138465;0.416956;1.0;
1.64402;0.750399;0.416956;0.0138465;0.416956;1.0;
1.64503;0.750466;0.416957;0.0138465;0.416957;1.0;
1.64602;0.750466;0.416956;0.0138465;0.416956;1.0;
1.64702;0.750466;0.416956;0.0138465;0.416956;1.0;
1.64802;0.750466;0.416956;0.0138465;0.416956;1.0;
1.64902;0.750466;0.416956;0.0138465;0.416956;1.0;
1.65003;0.750466;0.416956;0.0138465;0.416956;1.0;
1.65102;0.750466;0.416956;0.0138465;0.416956;1.0;
1.65202;0.750466;0.416957;0.0138465;0.416957;1.0;
1.65302;0.750466;0.416956;0.0138465;0.416956;1.0;
1.65402;0.750399;0.416956;0.0138465;0.416956;1.0;
1.65503;0.750466;0.416957;0.0138465;0.416957;1.0;
1.65602;0.750466;0.416956;0.0138465;0.416956;1.0;
1.65702;0.750466;0.416956;0.0138465;0.416956;1.0;
1.65802;0.750466;0.416956;0.0138465;0.416956;1.0;
1.65902;0.750466;0.416956;0.0138465;0.416956;1.0;
1.66003;0.750466;0.416956;0.0138465;0.416956;1.0;
1.66102;0.750466;0.416956;0.0138465;0.416956;1.0;
1.66202;0.750466;0.416957;0.0138465;0.416957;1.0;
1.66302;0.750466;0.416956;0.0138465;0.416956;1.0;
1.66402;0.750399;0.416956;0.0138465;0.416956;1.0;
1.66502;0.750466;0.416957;0.0138465;0.416957;1.0;
1.66602;0.750466;0.416956;0.0138465;0.416956;1.0;
1.66702;0.750466;0.416956;0.0138465;0.416956;1.0;
1.66803;0.750466;0.416956;0.0138465;0.416956;1.0;
1.66902;0.750466;0.416956;0.0138465;0.416956;1.0;
1.67002;0.750466;0.416956;0.0138465;0.416956;1.0;
1.67102;0.750466;0.416956;0.0138465;0.416956;1.0;
1.67202;0.750466;0.416957;0.0138465;0.416957;1.0;
1.67303;0.750466;0.416956;0.0138465;0.416956;1.0;
1.67402;0.750399;0.416956;0.0138465;0.416956;1.0;
1.67502;0.750466;0.416957;0.0138465;0.416957;1.0;
1.67602;0.750466;0.416956;0.0138465;0.416956;1.0;
1.67702;0.750466;0.416956;0.0138465;0.416956;1.0;
1.67803;0.750466;0.416956;0.0138465;0.416956;1.0;
1.67902;0.750466;0.416956;0.0138465;0.416956;1.0;
1.68002;0.750466;0.416956;0.0138465;0.416956;1.0;
1.68102;0.750466;0.416956;0.0138465;0.416956;1.0;
1.68202;0.750466;0.416957;0.0138465;0.416957;1.0;
1.68303;0.750466;0.416956;0.0138465;0.416956;1.0;
1.68402;0.750399;0.416956;0.0138465;0.416956;1.0;
1.68502;0.750466;0.416957;0.0138465;0.416957;1.0;
1.68602;0.750466;0.416956;0.0138465;0.416956;1.0;
1.68702;0.750466;0.416956;0.0138465;0.416956;1.0;
1.68802;0.750466;0.416956;0.0138465;0.416956;1.0;
1.68902;0.750466;0.416956;0.0138465;0.416956;1.0;
1.69002;0.750466;0.416956;0.0138465;0.416956;1.0;
1.69102;0.750466;0.416956;0.0138465;0.416956;1.0;
1.69202;0.750466;0.416957;0.0138465;0.416957;1.0;
1.69302;0.750466;0.416956;0.0138465;0.416956;1.0;
1.69402;0.750399;0.416956;0.0138465;0.416956;1.0;
1.69502;0.750466;0.416957;0.0138465;0.416957;1.0;
1.69603;0.750466;0.416956;0.0138465;0.416956;1.0;
1.69702;0.750466;0.416956;0.0138465;0.416956;1.0;
1.69802;0.750466;0.416956;0.0138465;0.416956;1.0;
1.69902;0.750466;0.416956;0.0138465;0.416956;1.0;
1.70002;0.750466;0.416956;0.0138465;0.416956;1.0;
1.70103;0.750466;0.416956;0.0138465;0.416956;1.0;
1.70202;0.750466;0.416957;0.0138465;0.416957;1.0;
1.70302;0.750466;0.416956;0.0138465;0.416956;1.0;
1.70402;0.750399;0.416956;0.0138465;0.416956;1.0;
1.70502;0.750466;0.416957;0.0138465;0.416957;1.0;
1.70603;0.750466;0.416956;0.0138465;0.416956;1.0;
1.70702;0.750466;0.416956;0.0138465;0.416956;1.0;
1.70802;0.750466;0.416956;0.0138465;0.416956;1.0;
1.70902;0.750466;0.416956;0.0138465;0.416956;1.0;
1.71002;0.750466;0.416956;0.0138465;0.416956;1.0;
1.71102;0.750466;0.416956;0.0138465;0.416956;1.0;
1.71202;0.750466;0.416957;0.0138465;0.416957;1.0;
1.71302;0.750466;0.416956;0.0138465;0.416956;1.0;
1.71402;0.750399;0.416956;0.0138465;0.416956;1.0;
1.71502;0.750466;0.416957;0.0138465;0.416957;1.0;
1.71602;0.750466;0.416956;0.0138465;0.416956;1.0;
1.71702;0.750466;0.416956;0.0138465;0.416956;1.0;
1.71802;0.750466;0.416956;0.0138465;0.416956;1.0;
1.71903;0.750466;0.416956;0.0138465;0.416956;1.0;
1.72002;0.750466;0.416956;0.0138465;0.416956;1.0;
1.72102;0.750466;0.416956;0.0138465;0.416956;1.0;
1.72202;0.750466;0.416957;0.0138465;0.416957;1.0;
1.72302;0.750466;0.416956;0.0138465;0.416956;1.0;
1.72403;0.750399;0.416956;0.0138465;0.416956;1.0;
1.72502;0.750466;0.416957;0.0138465;0.416957;1.0;
1.72602;0.750466;0.416956;0.0138465;0.416956;1.0;
1.72702;0.750466;0.416956;0.0138465;0.416956;1.0;
1.72802;0.750466;0.416956;0.0138465;0.416956;1.0;
1.72903;0.750466;0.416956;0.0138465;0.416956;1.0;
1.73002;0.750466;0.416956;0.0138465;0.416956;1.0;
1.73102;0.750466;0.416956;0.0138465;0.416956;1.0;
1.73202;0.750466;0.416957;0.0138465;0.416957;1.0;
1.73302;0.750466;0.416956;0.0138465;0.416956;1.0;
1.73403;0.750399;0.416956;0.0138465;0.416956;1.0;
1.73502;0.750466;0.416957;0.0138465;0.416957;1.0;
1.73602;0.750466;0.416956;0.0138465;0.416956;1.0;
1.73702;0.750466;0.416956;0.0138465;0.416956;1.0;
1.73802;0.750466;0.416956;0.0138465;0.416956;1.0;
1.73902;0.750466;0.416956;0.0138465;0.416956;1.0;
1.74002;0.750466;0.416956;0.0138465;0.416956;1.0;
1.74102;0.750466;0.416956;0.0138465;0.416956;1.0;
1.74202;0.750466;0.416957;0.0138465;0.416957;1.0;
1.74302;0.750466;0.416956;0.0138465;0.416956;1.0;
1.74402;0.750399;0.416956;0.0138465;0.416956;1.0;
1.74502;0.750466;0.416957;0.0138465;0.416957;1.0;
1.74602;0.750466;0.416956;0.0138465;0.416956;1.0;
1.74703;0.750466;0.416956;0.0138465;0.416956;1.0;
1.74802;0.750466;0.416956;0.0138465;0.416956;1.0;
1.74902;0.750466;0.416956;0.0138465;0.416956;1.0;
1.75002;0.750466;0.416956;0.0138465;0.416956;1.0;
1.75102;0.750466;0.416956;0.0138465;0.416956;1.0;
1.75203;0.750466;0.416957;0.0138465;0.416957;1.0;
1.75302;0.750466;0.416956;0.0138465;0.416956;1.0;
1.75402;0.750399;0.416956;0.0138465;0.416956;1.0;
1.75502;0.750466;0.416957;0.0138465;0.416957;1.0;
1.75602;0.750466;0.416956;0.0138465;0.416956;1.0;
1.75703;0.750466;0.416956;0.0138465;0.416956;1.0;
1.75802;0.750466;0.416956;0.0138465;0.416956;1.0;
1.75902;0.750466;0.416956;0.0138465;0.416956;1.0;
1.76002;0.750466;0.416956;0.0138465;0.416956;1.0;
1.76102;0.750466;0.416956;0.0138465;0.416956;1.0;
1.76202;0.750466;0.416957;0.0138465;0.416957;1.0;
1.76302;0.750466;0.416956;0.0138465;0.416956;1.0;
1.76402;0.750399;0.416956;0.0138465;0.416956;1.0;
1.76502;0.750466;0.416957;0.0138465;0.416957;1.0;
1.76602;0.750466;0.416956;0.0138465;0.416956;1.0;
1.76702;0.750466;0.416956;0.0138465;0.416956;1.0;
1.76802;0.750466;0.416956;0.0138465;0.416956;1.0;
1.76902;0.750466;0.416956;0.0138465;0.416956;1.0;
1.77003;0.750466;0.416956;0.0138465;0.416956;1.0;
1.77102;0.750466;0.416956;0.0138465;0.416956;1.0;
1.77202;0.750466;0.416957;0.0138465;0.416957;1.0;
1.77302;0.750466;0.416956;0.0138465;0.416956;1.0;
1.77402;0.750399;0.416956;0.0138465;0.416956;1.0;
1.77503;0.750466;0.416957;0.0138465;0.416957;1.0;
1.77602;0.750466;0.416956;0.0138465;0.416956;1.0;
1.77702;0.750466;0.416956;0.0138465;0.416956;1.0;
1.77802;0.750466;0.416956;0.0138465;0.416956;1.0;
1.77902;0.750466;0.416956;0.0138465;0.416956;1.0;
1.78003;0.750466;0.416956;0.0138465;0.416956;1.0;
1.78102;0.750466;0.416956;0.0138465;0.416956;1.0;
1.78202;0.750466;0.416957;0.0138465;0.416957;1.0;
1.78302;0.750466;0.416956;0.0138465;0.416956;1.0;
1.78402;0.750399;0.416956;0.0138465;0.416956;1.0;
1.78503;0.750466;0.416957;0.0138465;0.416957;1.0;
1.78602;0.750466;0.416956;0.0138465;0.416956;1.0;
1.78702;0.750466;0.416956;0.0138465;0.416956;1.0;
1.78802;0.750466;0.416956;0.0138465;0.416956;1.0;
1.78902;0.750466;0.416956;0.0138465;0.416956;1.0;
1.79002;0.750466;0.416956;0.0138465;0.416956;1.0;
1.79102;0.750466;0.416956;0.0138465;0.416956;1.0;
1.79202;0.750466;0.416957;0.0138465;0.416957;1.0;
1.79302;0.750466;0.416956;0.0138465;0.416956;1.0;
1.79402;0.750399;0.416956;0.0138465;0.416956;1.0;
1.79502;0.750466;0.416957;0.0138465;0.416957;1.0;
1.79602;0.750466;0.416956;0.0138465;0.416956;1.0;
1.79702;0.750466;0.416956;0.0138465;0.416956;1.0;
1.79803;0.750466;0.416956;0.0138465;0.416956;1.0;
1.79902;0.750466;0.416956;0.0138465;0.416956;1.0;
1.80002;0.750466;0.416956;0.0138465;0.416956;1.0;
1.80102;0.750466;0.416956;0.0138465;0.416956;1.0;
1.80202;0.750466;0.416957;0.0138465;0.416957;1.0;
1.80303;0.750466;0.416956;0.0138465;0.416956;1.0;
1.80402;0.750399;0.416956;0.0138465;0.416956;1.0;
1.80502;0.750466;0.416957;0.0138465;0.416957;1.0;
1.80602;0.750466;0.416956;0.0138465;0.416956;1.0;
1.80702;0.750466;0.416956;0.0138465;0.416956;1.0;
1.80803;0.750466;0.416956;0.0138465;0.416956;1.0;
1.80902;0.750466;0.416956;0.0138465;0.416956;1.0;
1.81002;0.750466;0.416956;0.0138465;0.416956;1.0;
1.81102;0.750466;0.416956;0.0138465;0.416956;1.0;
1.81202;0.750466;0.416957;0.0138465;0.416957;1.0;
1.81302;0.750466;0.416956;0.0138465;0.416956;1.0;
1.81402;0.750399;0.416956;0.0138465;0.416956;1.0;
1.81502;0.750466;0.416957;0.0138465;0.416957;1.0;
1.81602;0.750466;0.416956;0.0138465;0.416956;1.0;
1.81702;0.750466;0.416956;0.0138465;0.416956;1.0;
1.81802;0.750466;0.416956;0.0138465;0.416956;1.0;
1.81902;0.750466;0.416956;0.0138465;0.416956;1.0;
1.82002;0.750466;0.416956;0.0138465;0.416956;1.0;
1.82102;0.750466;0.416956;0.0138465;0.416956;1.0;
1.82202;0.750466;0.416957;0.0138465;0.416957;1.0;
1.82302;0.750466;0.416956;0.0138465;0.416956;1.0;
1.82402;0.750399;0.416956;0.0138465;0.416956;1.0;
1.82502;0.750466;0.416957;0.0138465;0.416957;1.0;
1.82603;0.750466;0.416956;0.0138465;0.416956;1.0;
1.82702;0.750466;0.416956;0.0138465;0.416956;1.0;
1.82802;0.750466;0.416956;0.0138465;0.416956;1.0;
1.82902;0.750466;0.416956;0.0138465;0.416956;1.0;
1.83002;0.750466;0.416956;0.0138465;0.416956;1.0;
1.83103;0.750466;0.416956;0.0138465;0.416956;1.0;
1.83202;0.750466;0.416957;0.0138465;0.416957;1.0;
1.83302;0.750466;0.416956;0.0138465;0.416956;1.0;
1.83402;0.750399;0.416956;0.0138465;0.416956;1.0;
1.83502;0.750466;0.416957;0.0138465;0.416957;1.0;
1.83602;0.750466;0.416956;0.0138465;0.416956;1.0;
1.83702;0.750466;0.416956;0.0138465;0.416956;1.0;
1.83802;0.750466;0.416956;0.0138465;0.416956;1.0;
1.83902;0.750466;0.416956;0.0138465;0.416956;1.0;
1.84002;0.750466;0.416956;0.0138465;0.416956;1.0;
1.84102;0.750466;0.416956;0.0138465;0.416956;1.0;
1.84202;0.750466;0.416957;0.0138465;0.416957;1.0;
1.84302;0.750466;0.416956;0.0138465;0.416956;1.0;
1.84402;0.750399;0.416956;0.0138465;0.416956;1.0;
1.84502;0.750466;0.416957;0.0138465;0.416957;1.0;
1.84602;0.750466;0.416956;0.0138465;0.416956;1.0;
1.84702;0.750466;0.416956;0.0138465;0.416956;1.0;
1.84802;0.750466;0.416956;0.0138465;0.416956;1.0;
1.84903;0.750466;0.416956;0.0138465;0.416956;1.0;
1.85002;0.750466;0.416956;0.0138465;0.416956;1.0;
1.85102;0.750466;0.416956;0.0138465;0.416956;1.0;
1.85202;0.750466;0.416957;0.0138465;0.416957;1.0;
1.85302;0.750466;0.416956;0.0138465;0.416956;1.0;
1.85403;0.750399;0.416956;0.0138465;0.416956;1.0;
1.85502;0.750466;0.416957;0.0138465;0.416957;1.0;
1.85602;0.750466;0.416956;0.0138465;0.416956;1.0;
1.85702;0.750466;0.416956;0.0138465;0.416956;1.0;
1.85802;0.750466;0.416956;0.0138465;0.416956;1.0;
1.85903;0.750466;0.416956;0.0138465;0.416956;1.0;
1.86002;0.750466;0.416956;0.0138465;0.416956;1.0;
1.86102;0.750466;0.416956;0.0138465;0.416956;1.0;
1.86202;0.750466;0.416957;0.0138465;0.416957;1.0;
1.86302;0.750466;0.416956;0.0138465;0.416956;1.0;
1.86402;0.750399;0.416956;0.0138465;0.416956;1.0;
1.86502;0.750466;0.416957;0.0138465;0.416957;1.0;
1.86602;0.750466;0.416956;0.0138465;0.416956;1.0;
1.86702;0.750466;0.416956;0.0138465;0.416956;1.0;
1.86802;0.750466;0.416956;0.0138465;0.416956;1.0;
1.86902;0.750466;0.416956;0.0138465;0.416956;1.0;
1.87002;0.750466;0.416956;0.0138465;0.416956;1.0;
1.87102;0.750466;0.416956;0.0138465;0.416956;1.0;
1.87202;0.750466;0.416957;0.0138465;0.416957;1.0;
1.87302;0.750466;0.416956;0.0138465;0.416956;1.0;
1.87402;0.750399;0.416956;0.0138465;0.416956;1.0;
1.87502;0.750466;0.416957;0.0138465;0.416957;1.0;
1.87602;0.750466;0.416956;0.0138465;0.416956;1.0;
1.87703;0.750466;0.416956;0.0138465;0.416956;1.0;
1.87802;0.750466;0.416956;0.0138465;0.416956;1.0;
1.87902;0.750466;0.416956;0.0138465;0.416956;1.0;
1.88002;0.750466;0.416956;0.0138465;0.416956;1.0;
1.88102;0.750466;0.416956;0.0138465;0.416956;1.0;
1.88203;0.750466;0.416957;0.0138465;0.416957;1.0;
1.88302;0.750466;0.416956;0.0138465;0.416956;1.0;
1.88402;0.750399;0.416956;0.0138465;0.416956;1.0;
1.88502;0.750466;0.416957;0.0138465;0.416957;1.0;
1.88602;0.750466;0.416956;0.0138465;0.416956;1.0;
1.88702;0.750466;0.416956;0.0138465;0.416956;1.0;
1.88802;0.750466;0.416956;0.0138465;0.416956;1.0;
1.88902;0.750466;0.416956;0.0138465;0.416956;1.0;
1.89002;0.750466;0.416956;0.0138465;0.416956;1.0;
1.89102;0.750466;0.416956;0.0138465;0.416956;1.0;
1.89202;0.750466;0.416957;0.0138465;0.416957;1.0;
1.89302;0.750466;0.416956;0.0138465;0.416956;1.0;
1.89402;0.750399;0.416956;0.0138465;0.416956;1.0;
1.89502;0.750466;0.416957;0.0138465;0.416957;1.0;
1.89602;0.750466;0.416956;0.0138465;0.416956;1.0;
1.89702;0.750466;0.416956;0.0138465;0.416956;1.0;
1.89802;0.750466;0.416956;0.0138465;0.416956;1.0;
1.89902;0.750466;0.416956;0.0138465;0.416956;1.0;
1.90003;0.750466;0.416956;0.0138465;0.416956;1.0;
1.90102;0.750466;0.416956;0.0138465;0.416956;1.0;
1.90202;0.750466;0.416957;0.0138465;0.416957;1.0;
1.90302;0.750466;0.416956;0.0138465;0.416956;1.0;
1.90402;0.750399;0.416956;0.0138465;0.416956;1.0;
1.90503;0.750466;0.416957;0.0138465;0.416957;1.0;
1.90602;0.750466;0.416956;0.0138465;0.416956;1.0;
1.90702;0.750466;0.416956;0.0138465;0.416956;1.0;
1.90802;0.750466;0.416956;0.0138465;0.416956;1.0;
1.90902;0.750466;0.416956;0.0138465;0.416956;1.0;
1.91003;0.750466;0.416956;0.0138465;0.416956;1.0;
1.91102;0.750466;0.416956;0.0138465;0.416956;1.0;
1.91202;0.750466;0.416957;0.0138465;0.416957;1.0;
1.91302;0.750466;0.416956;0.0138465;0.416956;1.0;
1.91402;0.750399;0.416956;0.0138465;0.416956;1.0;
1.91502;0.750466;0.416957;0.0138465;0.416957;1.0;
1.91602;0.750466;0.416956;0.0138465;0.416956;1.0;
1.91702;0.750466;0.416956;0.0138465;0.416956;1.0;
1.91802;0.750466;0.416956;0.0138465;0.416956;1.0;
1.91902;0.750466;0.416956;0.0138465;0.416956;1.0;
1.92002;0.750466;0.416956;0.0138465;0.416956;1.0;
1.92102;0.750466;0.416956;0.0138465;0.416956;1.0;
1.92202;0.750466;0.416957;0.0138465;0.416957;1.0;
1.92302;0.750466;0.416956;0.0138465;0.416956;1.0;
1.92402;0.750399;0.416956;0.0138465;0.416956;1.0;
1.92502;0.750466;0.416957;0.0138465;0.416957;1.0;
1.92602;0.750466;0.416956;0.0138465;0.416956;1.0;
1.92702;0.750466;0.416956;0.0138465;0.416956;1.0;
1.92803;0.750466;0.416956;0.0138465;0.416956;1.0;
1.92902;0.750466;0.416956;0.0138465;0.416956;1.0;
1.93002;0.750466;0.416956;0.0138465;0.416956;1.0;
1.93102;0.750466;0.416956;0.0138465;0.416956;1.0;
1.93202;0.750466;0.416957;0.0138465;0.416957;1.0;
1.93303;0.750466;0.416956;0.0138465;0.416956;1.0;
1.93402;0.750399;0.416956;0.0138465;0.416956;1.0;
1.93502;0.750466;0.416957;0.0138465;0.416957;1.0;
1.93602;0.750466;0.416956;0.0138465;0.416956;1.0;
1.93702;0.750466;0.416956;0.0138465;0.416956;1.0;
1.93802;0.750466;0.416956;0.0138465;0.416956;1.0;
1.93902;0.750466;0.416956;0.0138465;0.416956;1.0;
1.94002;0.750466;0.416956;0.0138465;0.416956;1.0;
1.94102;0.750466;0.416956;0.0138465;0.416956;1.0;
1.94202;0.750466;0.416957;0.0138465;0.416957;1.0;
1.94302;0.750466;0.416956;0.0138465;0.416956;1.0;
1.94402;0.750399;0.416956;0.0138465;0.416956;1.0;
1.94502;0.750466;0.416957;0.0138465;0.416957;1.0;
1.94602;0.750466;0.416956;0.0138465;0.416956;1.0;
1.94702;0.750466;0.416956;0.0138465;0.416956;1.0;
1.94802;0.750466;0.416956;0.0138465;0.416956;1.0;
1.94902;0.750466;0.416956;0.0138465;0.416956;1.0;
1.95002;0.750466;0.416956;0.0138465;0.416956;1.0;
1.95103;0.750466;0.416956;0.0138465;0.416956;1.0;
1.95202;0.750466;0.416957;0.0138465;0.416957;1.0;
1.95302;0.750466;0.416956;0.0138465;0.416956;1.0;
1.95402;0.750399;0.416956;0.0138465;0.416956;1.0;
1.95502;0.750466;0.416957;0.0138465;0.416957;1.0;
1.95603;0.750466;0.416956;0.0138465;0.416956;1.0;
1.95702;0.750466;0.416956;0.0138465;0.416956;1.0;
1.95802;0.750466;0.416956;0.0138465;0.416956;1.0;
1.95902;0.750466;0.416956;0.0138465;0.416956;1.0;
1.96002;0.750466;0.416956;0.0138465;0.416956;1.0;
1.96102;0.750466;0.416956;0.0138465;0.416956;1.0;
1.96202;0.750466;0.416957;0.0138465;0.416957;1.0;
1.96302;0.750466;0.416956;0.0138465;0.416956;1.0;
1.96402;0.750399;0.416956;0.0138465;0.416956;1.0;
1.96502;0.750466;0.416957;0.0138465;0.416957;1.0;
1.96602;0.750466;0.416956;0.0138465;0.416956;1.0;
1.96702;0.750466;0.416956;0.0138465;0.416956;1.0;
1.96802;0.750466;0.416956;0.0138465;0.416956;1.0;
1.96902;0.750466;0.416956;0.0138465;0.416956;1.0;
1.97002;0.750466;0.416956;0.0138465;0.416956;1.0;
1.97102;0.750466;0.416956;0.0138465;0.416956;1.0;
1.97202;0.750466;0.416957;0.0138465;0.416957;1.0;
1.97302;0.750466;0.416956;0.0138465;0.416956;1.0;
1.97402;0.750399;0.416956;0.0138465;0.416956;1.0;
1.97502;0.750466;0.416957;0.0138465;0.416957;1.0;
1.97602;0.750466;0.416956;0.0138465;0.416956;1.0;
1.97702;0.750466;0.416956;0.0138465;0.416956;1.0;
1.97802;0.750466;0.416956;0.0138465;0.416956;1.0;
1.97903;0.750466;0.416956;0.0138465;0.416956;1.0;
